Id,Brand,Model,Year,FuelType,Engine,Transmission,BodyType,Description,ImageUrl,HorsePower,Color,Mileage,Price
26,Audi,AUDI R8 V10 performance RWD,2007,Gasoline,5.2L V10 7AT RWD (570 HP),7-speed automatic DCT S tronic,Coupé (two-door),"Audi tried the RWD supercar market in 2018 when it launched the R8 RWS, which stood for Rear-Wheel Series. Even though the carmaker was mostly known for its quattro systems, which sent the power in all corners of a car, it knew that supercars' drivers were very comfortable with rear-wheel drive vehicles, so it did it. The experiment was successful, and the carmaker continued that by adding the R8 RWD in 2019 and the Performance version in 2021.From the outside, the car looked very similar to the rest of the R8 range. While the front bumper and general shape of the car were the same, there were a few details different, such as the mate-black singleframe grille, body-colored side air intakes from the rear quarter panels, or the carbon-fiber door-mirror caps. Last but not least, the RWD Performance version received a specific set of light-alloy wheels to lower the unsprung masses.Inside, a large, sharply contoured arch ran around the driver's area, creating a ""monoposto,"" racing atmosphere. In front of the driver, a 12.3-inch display was filled the floating-design instrument cluster. Unlike the rest of the R8 range, the Performance version offered a steering wheel with four control satellites to control the Audi drive select, the start-button, to activate the performance mode, and control the Audi virtual cockpit screen respectively.Since it was a performance-oriented supercar, it received a new powerplant enhanced by 30 hp when compared to the rest of the range from the same 5.7-liter V10. It was paired as standard with a seven-speed automatic (dual-clutch) gearbox that sent the power to the rear wheels via a mechanical locking differential.",https://s1.cdn.autoevolution.com/images/gallery/audi-r8-v10-performance-rwd-2021-7218_6.jpg,570,Red,156574,106948
27,Audi,AUDI R8 Coupe,2007,Gasoline,5.2L FSI V10 quattro S tronic 7AT AWD (570 HP),7-speed automatic S tronic,Coupé (two-door),"The mid-cycle refresh of the second-generation Audi R8 is not exactly in line with other Audi facelift, since the differences between the old and the new are rather extensive, both on the technical and the visual side. On the outside, it's the front end that got the biggest nips and tucks, with the lower fascia now looking more in line with that of the 2018 Audi RS5 and other upcoming RS models. Both versions of the naturally aspirated 5.2-liter V10 have been improved, with the regular R8 V10 Coupe now delivering 570 horsepower instead of 540 and the R8 V10 Coupe Performance (renamed from V10 Plus) offering 620 horsepower instead of the puny 610 horsepower of its predecessor. A comprehensive redesign of the brakes has improved stopping power on both versions as well.In 2018, Audi released its first rear-wheel-drive R8, thus the Coupe became the cheapest version of the R8. While cheaper, the car’s weight was also reduced due to the absence of the extra differentials and shafts. The weight was reduced by 40 kg. The R8 came with standard 19-inch alloys and offered optional ultralight 20-inch milled wheels. Instead of the standard steel discs, customers could opt for ceramic brake discs. The 2018 model started selling in 2019.",https://s1.cdn.autoevolution.com/images/gallery/AUDI-R8-Coupe-6436_7.jpg,570,Silver,49454,68567
28,Audi,AUDI R8 V10 RWS,2007,Gasoline,5.2 V10 7AT (540 HP),7-speed automatic,Coupé (two-door),"Ever since it launched the concept, Audi was proud of its all-wheel-drive R8 that shook the supercar world and proved to be a serious track-weapon. In 2017, the R8 made a bolder move.While most of the supercars evolved from being rear-wheel-drive to all-wheel-drive, the R8 took the opposite path. Audi introduced it as an all-wheel-drive, mid-engine supercar and transformed it into a rear-wheel-drive one. Thus, it silenced the voices which said that a true supercar must have the power sent only to the rear axle. The RWS initials stood for Rear Wheel Series.The R8 RWS was the least expensive R8 from its times since the customers didn't have to pay for the front and center differentials. Its bodywork was similar to the regular R8 but with a few small different details. It was underscored by the matte black grille of the singleframe and the matte black air openings at the car's front and rear. The upper sideblades behind the doors were finished in gloss black, while the lower ones were body-colored. As an option, Audi offered a red strip that crossed the top of the car from the front bumper to the engine's lid.Inside, the R8 RWS sported the same interior as the rest of the mid-engined Audi supercar, with sports seats fitted as standard. As an option, the carmaker offered bucket seats. Unlike any of its siblings, it featured a badge on the dashboard which stated the car number, such as ""1 of 999."" There was no infotainment screen on the center stack. It was shown inside the instrument cluster on the Audi Virtual Cockpit TFT display.Behind the two-seat cabin, Audi installed the naturally aspirated 5.2-liter V-10 engine that produced 540 hp. It was paired to a seven-speed automatic (dual-clutch) gearbox. The electronic stability control featured a special drift function.",https://s1.cdn.autoevolution.com/images/gallery/AUDI-R8-V10-RWS-6122_8.jpg,540,Black,66018,75502
29,Audi,AUDI R8,2007,Gasoline,5.2L V10 FSI 7AT (540 HP),7-speed automatic (S TRONIC),Coupé (two-door),"Despite having a super-car brand in its portfolio, Audi insisted to have its own super-car and, in 2006, it launched the R8, which it was followed by the second generation in 2015.Audi claimed 13 victories at the 24 hours of LeMans race before launching the second generation of its R8 and that was as much as the Ford and Ferrari combined. It was second only to Porsche. With that kind of sporting pedigree, the four-circle brand could dare and make a bold move with the second generation of the R8. They ditched the V8 engine and manual transmissions. It was time for a new era of supercars.With its sleek, low profile, and advanced driving post, the second generation of the R8 featured an enhanced aerodynamic profile. On the front side, the new singleframe grille was adorned on the sides by a pair of air scoops for brakes cooling. The side air-intakes for the engine were painted in black, to emphasize the mid-engine design. In the back, under the taillights, there were other air-vents to help to cool the engine and remove the air from the wheel-well.Inside, the two-seater supercar featured sport-bucket seats and a high-tech interior. With the Audi Virtual Cockpit, the instrument cluster was transformed into a 12.3” display with elaborately computed graphics. The system also showed a shift-light informing the driver when to shift the gears, while in manual mode.The second generation of the R8 was available with a choice of two V10 engines that offered 540 hp and 610 hp, respectively. The standard transmission was a 7-speed S tronic.",https://s1.cdn.autoevolution.com/images/gallery/AUDI-R8-5453_31.jpg,540,Blue,31832,68502
30,Audi,AUDI R8 V10,2007,Gasoline,5.2 V10 FSI 7AT (525 HP),7-speed automatic (S TRONIC),Coupé (two-door),"Audi launched its first supercar in 2006, and 2012 brought their new R8 with a 5.2-liter V10 engine borrowed from the Lamborghini Gallardo.The exterior of the R8 was aggressive, with sharp lines and the Audi’s so  called “side blades” on the side (of course). The side blades were made of carbon fiber to maintain a reduced weight. Sticked to the side blades were air intakes that helped redirecting the air to reduce drag.The headlights were equipped with daytime running LED strips and the R8 was the first car to feature them.The most interesting part showed the true sports nature of the R8 - the rear-mounted engine with a glass cover.The 5.2 liter V10 engine developed 525 hp and could rocket the car to 100 kph in 3.7 seconds. The R8 could reach a maximum speed of 318 kph. Quite impressive!The interior of the R8 didn’t really match the exterior design. It did not give the feeling of being inside a sports car, but rather in an Audi RS.Sports car usually have different color accents, but the R8’s dashboard was mostly black and simple.The steering wheel was flat-bottomed as not much space was available in the 2-seater. It was equipped with paddle shifters that looked like aluminium, however, they were made of plastic.The instrument panel was the classic one, with added V10 and R8 logos on the cluster gauges. The R8 was a bargain compared to the Lamborghini and still offered a beautiful design, comfort, lots of storage spaces, power and fun.",https://s1.cdn.autoevolution.com/images/gallery/AUDI-R8-V10-5452_10.jpg,525,Blue,37084,15805
31,Audi,AUDI R8 V8,2007,Gasoline,4.2 V8 FSI 6AT (420 HP),6-speed automatic,Coupé (two-door),"Audi may have been the last German premium brand to show a supercar, but when it showed it, they did it properly with the R8 V8 in 2006 at the Paris Auto Show.After purchasing the Lamborghini supercar brand, Audi thought that they can build something in the same segment. They already had the engines and transmission to do it. All they need was a good platform and a bodywork. In 2003, the Audi showed the ""LeMans"" concept-car after three consecutive wins at the 24h of LeMans race. Based on that, the Audi made the R8 supercar. It was a light, small, coupe with middle V8 engine and all-wheel-drive.Inside, there were numerous parts from other Audi models, which were criticized. But the car was true to its image. The 420 hp naturally aspirated engine was mated to a 6-speed manual transmission. Unusual for an Audi, it had a gate pattern for the gearshift lever, something like a Ferrari. But that didn't matter too much. The car was fast and handled very well. Unlike any other Audi, it was more rear-biased so it was prone to oversteer instead of understeer like the rest of the Audi range. The engine was a naturally aspirated V8 and it was so reliable that it could be driven every day. It also was available with a 6-speed automatic transmission with a launch-control mode and paddle shifters behind the steering wheels. To improve stability, it had magnetorheological dampers, which could be stiffened to provide better cornering speed.",https://s1.cdn.autoevolution.com/images/gallery/AUDIR8-1582_1.jpg,420,Red,35798,72739
32,Audi,AUDI S8,1996,Gasoline,4.0L TSFI quattro V8 8AT (571 HP),8-speed automatic Tiptronic,Unknown,"The fourth generation of the Audi S8 was unveiled at the end of 2019 and it brings a host of novelties compared to its predecessor, including the addition of a mild-hybrid system based on a 48-volt architecture. Other than the mild-hybrid system, the twin-turbocharged 4.0-liter V8 is similar to the one found in the Audi S8 D4, but it has also received a couple of modifications, including iron-lined cylinder barrels positioned in an aluminum crankcase.With 571 horsepower and 800 Nm (590 lb-ft) of torque on tap, sent to all four-wheel through a quattro all-wheel-drive system, the sporty luxury sedan can hit 100 kph (62 mph) from a standing start in just 3.8 seconds. Even though it also helps performance during spirited driving, the mild-hybrid 48-volt system actually works continuously to reduce fuel consumption, with up to 0.8-liters per 100 kilometers in fuel saving being possible thanks strictly to the system. The setup uses a 48-volt belt alternator starter and an additional lithium-ion battery. The braking system is truly high-performance, with the optional carbon-fiber brake discs measuring no less than 420 mm (16.5 in) on the front axle and 370 mm (14.6 in) on the rear axle while also being 9.6 kg (21.2 lb) lighter than the standard cast iron discs. No less than 38 driver assistance systems comprise the active safety systems on the new S8, and they are all managed by a new high-performance processing unit.",https://s1.cdn.autoevolution.com/images/gallery/AUDI-S8-6692_23.jpg,571,Grey,18362,79803
33,Audi,AUDI S8 D4,1996,Gasoline,4.0 TFSI Quattro 8AT (520 HP),8-speed automatic,Unknown,"While the Mercedes-Benz had the AMG division that took care of its performance S-Class models, Audi offered the S models for its vehicles. The 2012 Audi S8 was the fastest A8 in the range.The surge for more power got the Audi to ditch the former Lamborghini V10 unit in favor of a newly developed, twin-turbo, V8 engine. With massive investments into research and development, the 2012 Audi S8 was more powerful, and faster than its predecessor.The Audi S8 had a distinctive look from the outside. But it didn't feature flamboyant fender flares or some crazy wings in the back. It featured the same big grille as the rest of its range, but with double-chromed lines on each slat instead of single chromed. The rearview mirrors had silver cases, that looked like aluminum. In the back, there were four tailpipes and a diffuser between them. Inside, it was a luxurious Audi A8 with all the comfort features as the rest of its siblings. Only the more luxurious A8 W12 had more than the S8, but only S8 had sport-bucket seats for the front occupants. A new infotainment unit was on the dashboard with a retractable mode so it won't bother the view.Under the hood there was the 4.0-liter V8 engine with the turbochargers between the engine banks to decrease the turbo-lag. For the economic running mode, the engine could run in four cylinders. The standard transmission was an 8-speed automatic by ZF. As usual for any S-range model, it featured the quattro all-wheel-drive system from Audi.",https://s1.cdn.autoevolution.com/images/gallery/AUDIS8-D4--4613_1.jpg,519,Blue,162224,48775
34,Bmw,BMW X5 M Competition,2009,Mild Hybrid,Competition 4.4L V8 xDrive 48V MHEV AWD 8AT (625 HP),8-speed automatic  M Steptronic  with Drivelogic,SUV (Sports Utility Vehicle),"BMW refreshed the X5 lineup at the beginning of 2023, and along with the rest of the range, the M Competition version received a well-deserved update.While customers started to ask for more performance-oriented SUVs that were good for families but also incredibly fast on regular roads, BMW stepped ahead. Starting with the second generation of the X5 it also introduced the M version. Fast forward to the fourth generation that was launched in 2019, and the M version was more powerful than ever, especially when fitted with the Competition package.For the 2023 model year, the X5 M Competition received a new and improved front fascia fitted with slimmer headlights and a redesigned grille. This was broader and flanked by enlarged air intakes that cooled the massive front brakes. In addition, the lower bumper received a redesigned grille.The X5 M Competition boasted a luxurious cabin with leather upholstery and a hexagonal pattern on the door cards. In addition, the automaker added carbon-fiber trims on the dashboard, center stack, and center console. BMW also installed a new dashboard fitted with a curved screen that hosted the instrument panel and the iDrive 8 infotainment system.But the most significant changes were made under the car's skin. While the ICE powerplant remained the same, the automaker added a 48V mild-hybrid system that helped the",https://s1.cdn.autoevolution.com/images/gallery/bmw-x5-m-competition-2023-7430_22.jpg,625,Silver,49333,41015
35,Bmw,BMW X5 M G05,2009,Gasoline,4.4L V8 8AT AWD (600 HP) ,8-speed automatic M Steptronic,SUV (Sports Utility Vehicle),"The X5 M was the top-performer of the X5 range and provided more power and torque than its predecessor, and, for those who thought that 600 hp are not enough, BMW offered an upgraded version.When BMW introduced the first generation of the X5 in 1999, it became a sales-winner. It featured a unit-body construction, and that made it lighter than its main competitor, the Mercedes-Benz ML, which featured a body-on-frame architecture. Thus, BMW's first SUV became a tough competitor for all other premium carmakers. Fast forward two decades, and the X5 M came on the market with more power than three first-generation X5.The 2019 X5 M featured a new front bumper than the rest of the X5 range. It sported a wider lower grille flanked by a pair of side-scoops and two more others on the car's apron. Its aggressive look was not only for show. All the scoops and air intakes were calculated by the company's engineers and were fully functional.The leather-clad X5 interior featured a pair of high-bolstered seats at the front separated by a tall and wide center stack. Its sport bucket seats for the front passengers provided great side support for their occupants. In the back, there was the same flat bench with a 40/20/40 split system that increased the car's trunk from 650 liters to a maximum of 1,870 liters. The dashboard featured a pair of slim vents on the center stack, under the wide, 12.3"" infotainment display. For the 2019 model, the X6 M sported a 12.3"" digital instrument panel.Under the hood, BMW M installed an evolved 4.4-liter twin-turbo engine. Unlike its predecessor, which offered 575 hp, the 2019 model provided 600 hp for the regular M and 625 for the Competition Package version.",https://s1.cdn.autoevolution.com/images/gallery/bmw-x5-m-2019-7095_11.jpg,600,Blue,65807,94895
36,Bmw,BMW X5 M F85,2009,Gasoline,4.4L xDrive V8 8AT AWD (575 HP),8-speed automatic,SUV (Sports Utility Vehicle),"The big SUV from BMW received an M-Technik implant in 2014. The Motorsport department developed the most powerful engine for an all-wheel-drive BMW ever and installed it in the X5. First, it took the 4.4-liter V8 gasoline engine and then plugged a pair of TwinScroll turbocharges, cross-bank exhaust manifolds, VALVETRONIC and High Precision Direct Gasoline Injection system. The result is a total output of 575 hp and 750 Nm (553 lb-ft) of torque. To send this energy to the wheels, M engineers installed a newly developed 8-speed Steptronic automatic gearbox.From the outside, a new aerodynamic package was added. Large air intakes at the front end, side gills with a model badge and air breathers, signature M exterior mirrors in twin-stalk style, a typically M four-tailpipe exhaust system give it a standalone look M fans will immediately recognize. Setting the seal on this exclusive range of features are M-specific 20-inch light-alloy wheels with mixed tires or forged 21-inch M light-alloy wheels (optional).The interior is fit for a high-performance vehicle, even if it is an SUV. As with all cars from the BMW brand, the design of the interior prioritizes intuitive usability. Also, M GmbH makes its own distinctive mark here. For example, the BMW X5 M come with a newly developed, ergonomically optimized M leather steering wheel with gearshift paddles, while the M gearshift lever has an equally distinctive design. The instrument cluster, M Drive menu in the information display, displays in the optional Head-Up Display and special multifunction switch with M Drive buttons on the steering wheel also fit the M template.",https://s1.cdn.autoevolution.com/images/gallery/BMW-X5M-5325_4.jpg,575,Blue,94562,65741
37,Bmw,BMW X5 M E70,2009,Gasoline,4.4L xDrive V8 6AT AWD (555 HP),6-speed automatic,SUV (Sports Utility Vehicle),"BMW introduced the most potent X5 to that date and added the notorious M badge on it, confirming that it can provide performance at any level for any ground clearance.The X5 and X6 M were the first all-wheel-drive vehicles that ever sported the M-logo. Before that, the carmaker provided powerful versions ever since the first generation, with the 4.4-liter and the 4.6-liter engines, but those were not considered worthy enough to wear the magic light-blue, navy-blue, and red logo. That version came only on the second generation of the X5 in 2009.Any M car had to tick more boxes than any other BMW, and the X5 followed the same procedure. BMW's motorsport department enhanced the car's look with new front bumpers with enlarged air dams. Two large and rectangular air scoops flanked the center lower grille. On its sides, the carmaker added M-specific badges on the front fenders. From its profile, the 20"" light-alloy wheels with unique design emphasized the car's performance, while at the back, the four exhausts confirmed it.Inside, the X5 featured a leather-clad interior with specific M-badges on the steering wheel, the gear selector, and inside the tachometer. Its power-adjustable sport bucket-seats promised good side support with their adjustable bolsters. Piano-black trims adorned the center console, the door cards, and the dashboard. Last but not least, a pair of aluminum paddle-shifters was mounted behind the steering wheel. For the rear passengers, BMW offered the same spacious split-folding bench.BMW's motorsport department installed a twin-turbocharged 4.4-liter V-8 engine under the hood paired with a six-speed automatic transmission that sent the power in all corners. For stopping, the car featured four-pot calipers at the front and single-pot in the rear, while the all-wheel independent suspension was enhanced with adaptive dampers.",https://s1.cdn.autoevolution.com/images/gallery/BMWX5M-3867_1.jpg,555,Red,125125,58909
38,Bmw,BMW X6 M Competition,2009,Mild Hybrid,Competition 4.4L V8 xDrive 48V MHEV AWD 8AT (625 HP),8-speed automatic  M Steptronic  with Drivelogic,SUV (Sports Utility Vehicle),"BMW refreshed the X6 lineup at the beginning of 2023, and along with the rest of the range, the M Competition version received a well-deserved update.The world of performance SUVs was no longer a territory where just one or two brands dominated the market. Apart from Porsche's Cayenne and its sibling Lamborghini Urus, Aston Martin, Mercedes-Benz, BMW, and Cadillac joined the bandwagon. We didn't mention Ferrari since the Italian brand didn't say that the Purosangue was an SUV (although it was). So, in this small circle of powerful vehicles, the white-and-blue badged automaker from Munchen had to stay ahead of the game to attract more customers.BMW celebrated 50 years of its performance division M in 2022, and at the beginning of the following year, it introduced a facelift for the entire X6 range. And that meant some changes for the M Competition version as well. The car's exterior got new, slimmer headlights and a redesigned, broader grille that was flanked by wider air intakes to cool the brakes. In addition, the lower bumper sported a second grill with an integrated radar for adaptive cruise control, automatic braking, and other safety systems.Inside, customers were greeted by high-bolstered sports seats and a curved display on top of the dashboard. Fronting the driver was the instrument panel, while atop the center stack was the iDrive 8 infotainment touchscreen.But the most significant changes were made under the car's skin. While the ICE powerplant remained the same, the automaker added a 48V mild-hybrid system that helped the car get improved fuel efficiency. In addition, there was a new eight-speed automatic gearbox with revised gear ratios when compared to its predecessor.",https://s1.cdn.autoevolution.com/images/gallery/bmw-x6-m-competition-2023-7431_28.jpg,625,Black,95813,91310
39,Bmw,BMW X6 M G06,2009,Gasoline,4.4L V8 8AT AWD (600 HP),8-speed automatic  M Steptronic  with Drivelogic,SUV (Sports Utility Vehicle),"With 600 hp under the hood, the X6 M tried to offer more performance for the SUV-lovers in a package that started the SUV-coupe trend.When the first X6 came on the market in 2007, it received as much appreciation as hate from its fans. But BMW didn't care too much about that and pushed forward, and soon, the customers started to like it. By 2019, the X6 was already at its third generation, and its main competitors tried to catch it.BMW offered a special exterior package for the X6 M. The front bumper sported a unique design with a wide center grille flanked by two side-scoops. In addition to these, another pair of slimmer air-intakes found their place on the lowest side of the apron. The laser light system was a standard feature for the X6 M and X6 M Competition Package. Worth mentioning that every aerodynamic detail of the car was functional, including the twin rear spoilers, mounted at the top side of the liftgate and on the lower flat panel, above the LED taillights. A set of four, round exhausts poked underneath the car.Inside, the carmaker installed a leather-clad cabin. Its front bucket seats with high-bolstered areas and integrated headrest promised excellent side support during hard cornering. For the rear seats, BMW installed a bench for three. The dashboard featured slim vents on the center stack, under the wide, 12.3"" infotainment display. For the 2019 model, the X6 M sported a 12.3"" digital instrument panel.Under the hood, BMW M installed an evolved 4.4-liter twin-turbo engine. Unlike its predecessor, which offered 575 hp, the 2019 model provided 600 hp for the regular M and 625 for the Competition Package version.",https://s1.cdn.autoevolution.com/images/gallery/bmw-x6-m-g06-2019-7096_14.jpg,600,Blue,107780,93203
40,Bmw,BMW X6M F86,2009,Gasoline,4.4L xDrive V8 8AT AWD (575 HP),8-speed automatic,SUV (Sports Utility Vehicle),"BMW’s high-performance Sports Activity Coupe got enhanced once again for 2015, combining the characteristic features of the X family with the commitment to high performance the M branch offers.The robust exterior is characterized by large air intakes at the front, side gills, a four-pipe exhaust, 21-inch alloy rims, a rear spoiler and some aggressive sharp lines.Inside you get an update environment, in tone with the automaker’s current design style, a new M leather steering wheel with integrated aluminum gearshift paddles and M sports seats in Merino leather for the driver and front passenger (with electric adjustment and memory function), leather-covered instrument panel, anthracite-colored BMW roof liner, aluminum trimmings and more.Technically, the new X6M comes with the new M twin-turbocharged engine, race-inspired cooling and exhaust systems, an upgraded chassis, modified suspension, mixed tires for optimized handling, intelligent all-wheel-drive, high performance brakes, and more.",https://s1.cdn.autoevolution.com/images/gallery/BMW-X6M-5324_4.jpg,575,Blue,75289,111142
41,Bmw,BMW X6M E71,2009,Gasoline,4.4L V8 6AT (555 HP),6-speed automatic,SUV (Sports Utility Vehicle),"What was it really? A hatchback? An SUV? A crossover? Well, all of them. A jacked-up hatchback with a very precise steering and ridiculous power. Sure, everything sounds nice, but it had to come with some compromises: limited cargo space and seating for four. Not a practical or versatile vehicle, but a great option for passionate drivers. The X6M was developed by the BMW’s Motorsport division and featured a twin-turbocharged 4.4-liter V8 engine that cranked out no less than 555 hp, and that’s 5 hp more than the engine on the Caynne Turbo S.Interesting for a crossover, the X6M drove like a sports sedan and was equipped with 20-inch alloys and a special-sport-tuned adaptive suspension. The X6M offered seating for 4 and featured an ample list of standard features such as 20-inch alloys, a self-leveling electronically adjustable active suspension, front and rear parking sensors, xenon headlamps, headlight washers, a power liftgate, a panoramic sunroof, leather upholstery, dual-zone automatic climate control, ambient interior lighting, Bluetooth connectivity and a hard-drive-based navigation system with real-time traffic.Optional features included soft-close automatic doors, ventilated seats, heat steering wheel, heated rear seats, a rearview camera, a head-up display, a 16-speaker premium sound system, keyless entry, a rear-seat entertainment system and towing preparation.Only 4,8 seconds in the sprint to 100 km/h was impressive for a 2,500 kg vehicle.Standard safety features included ABS, stability control, numerous airbags and whiplash-reducing front head restraints.",https://s1.cdn.autoevolution.com/images/gallery/BMWX6M-3868_24.jpg,555,Silver,179752,90953
42,Volkswagen,VOLKSWAGEN Atlas,2017,Gasoline,2.0L TSI (273 HP),Unknown,SUV (Sports Utility Vehicle),"Volkswagen unveiled the 2024 model year Atlas at the beginning of 2023 and improved the big crossover that was based on the same MQB platform as its smaller sibling, the Golf.Using a common base for more vehicles allowed Volkswagen to produce them at lower costs. The increased ground clearance and the available all-wheel drive system allowed the Atlas to perform well in a market that craved SUVs and crossovers. And, after five years on the market, the big VW got its well-deserved facelift.At the front, the Atlas featured a new adaptive front-lighting system (AFS), which surrounded the headlights with a DRL strip. In addition, an illuminated lightbar connected the headlamps. On the main grille, the illuminated round VW logo took center stage, thus creating a premium look for the big crossover. But the automaker didn't stop there and also added a redesigned bumper that sported a set of triangular side scoops pointed inwards. From its profile, the Atlas revealed a muscular stance thanks to the enlarged wheel arches. Finally, at the back, the tilted forward tailgate sported a roof spoiler on its upper side.Inside, the German automaker created a new cabin with an upgraded dashboard. Atop the center stack, Volkswagen installed a 12"" touchscreen for the infotainment system. At the same time, all versions were fitted with a 12.5"" digital instrument panel fronting the driver. Like its predecessor, the 2024 model-year came with three rows of seats and room for seven adults.Underneath the hood, the engine cover left the impression that there was a transversely-mounted V8. But that was only an illusion since the car was powered by a turbocharged inline-four that produced 269 hp (273 PS), which was more potent than the previous VR6 was capable. Power went to the front or in all corners of the car via an eight-speed automatic transmission.",https://s1.cdn.autoevolution.com/images/gallery/volkswagen-atlas-2023-7415_13.jpg,7,White,61416,72040
43,Volkswagen,VOLKSWAGEN ID3,2020,Electric,58 KWh RWD (204 HP),1-Speed automatic,Hatchback,"Volkswagen brought a refreshed version of the ID.3 small-sized vehicle in 2023, more than three years after model's debut.During these years, the world struggled with a pandemic and a big war on the European continent, but the German automaker had to move on. Its engineers worked hard to produce this facelifted version and to make the small-sized ID.3 more competitive on the market. Thus, apart from some aesthetic changes, it also featured a revised interior and a choice of two batteries.The refreshed ID.3 sported a new front fascia with an enhanced lower bumper that enhanced the car's aerodynamics. Thus, on the sides, it featured two slats that diverted the air from the front of the vehicle to the sides, lowering drag resistance. Another significant upgrade was for the headlights, which were available with Matrix-LED technology and a standard main beam for the entire range.Inside, Volkswagen created a cabin where 77% of the materials were recycled, thus lowering the car's carbon footprint. There was also an augmented reality (AR) head-up display that helped the driver navigate the road and showed important information. Another significant step forward was the introduction of the V2X technology that gathered data from other Volkswagen vehicles or infrastructure to warn the driver about potential hazards on the road.The MEB platform used by the ID.3 featured the same 204 PS (201 hp) motor that drove the rear wheels from its predecessor. It was fed by either a 58 or a 77 kWh battery pack, which allowed the vehicle to travel 426 km (265 miles) or 546 km (340 miles), respectively.",https://s1.cdn.autoevolution.com/images/gallery/volkswagen-id3-2023-7436_27.jpg,0,Grey,82551,81564
44,Volkswagen,VOLKSWAGEN Multivan T7,2003,Gasoline,1.5L TSI 7AT FWD (136 HP),7-speed automatic DSG,Van,"Volkswagen Commercial Vehicles introduced a new generation of the Multivan model in 2021, replacing the aging T 6.1 Caravelle lineup.Even though it came after the facelifted version of the T6, the new generation was not named T7 on the official papers. In addition, unlike its predecessors that were built on designated utility-vehicle platforms, the 2021 Multivan was based on the MQB platform shared with many other cars produced by Volkswagen.Since the vehicle was built as a successor to the Caravelle, it had to be comfortable and good-looking but still bear a van-like appearance. At the front, the narrow, high-mounted headlights resembled those fitted on the Golf, while the fat bumper sported a massive grille with a rhomboidal pattern. From its profile, the MPV featured wide windows that covered the upper third-part of the vehicle. Apart from the big front doors, the Multivan also received one or two sliding doors, depending on the options. Last but not least, the rear tailgate could've been electrically opened.Inside, the Multivan could accommodate up to seven passengers on three rows of individual seats. The last row, which was previously fitted with a bench, consisted of individual places that could've been moved or removed, depending on the necessities. The middle row featured two captain seats that could rotate 180 degrees. At the front, a pair of high-mounted seats were already usual for the Multivan. These allowed their occupants to enjoy the great view offered by the wide windscreen and tall side windows. In addition, the dashboard was mounted low enough not to obstruct their sight.Underneath the car's skin, Volkswagen installed a choice of hybrid and turbodiesel engines. In addition, a plug-in hybrid fitted with a 13kW battery pack was available.",https://s1.cdn.autoevolution.com/images/gallery/volkswagen-multivan-t7-2021-7367_11.jpg,136,Red,160405,116231
45,Volkswagen,VOLKSWAGEN Multivan Bulli T61,2003,Diesel,2.0i TDI BMT 4MOTION 6MT AWD (150 HP),6-manual speed,Van,"Volkswagen Commercial vehicles introduced a facelifted version for the sixth generation of the Multivan in 2019, adding some visual and technical upgrades to the popular MPV.Even though the company was focused on creating dependable commercial vehicles, it didn't forget to build passenger versions. In addition, these didn't have to look like LCVs with seats installed aftermarket and cut-away windows on the side panels. The result was that the facelifted version of the T6, named T6.1, looked more like an MPV without windows when sold as an LCV.At the front, Volkswagen created a new front grille that spanned between the headlights with a sharp design and chromed details. The headlamps were also changed and sported LED daytime running lights inside them, making the vehicle look like a VIP shuttle bus. As an option, Volkswagen offered them with full LED lights. From its side, the car didn't get essential changes, but a two-tone color scheme was on the options list.Inside, like any other Multivan, the T6.1 featured a vast amount of space for seven passengers, even in the short wheelbase version. There were two seats at the front, two in the middle row, and three at the back, on a sliding and folding bench. Ingress and egress to the vehicle were easy, thanks to the front doors and the rear sliding doors on both sides. The two captain seats from the second row could've been rotated 180 degrees so the passengers could sit face-to-face with those seated on the bench.Under the hood, Volkswagen installed a 2.0-liter turbo-diesel engine paired with either a six-speed manual or a seven-speed automatic. Power went to the front or all corners of the car, depending on the options.",https://s1.cdn.autoevolution.com/images/gallery/volkswagen-multivan-bulli-t61-2019-7363_11.jpg,150,White,139698,60825
46,Volkswagen,VOLKSWAGEN Multivan T6,2003,Gasoline,2.0L TSI 4MOTION 7AT AWD (204 HP),7-speed automatic DSG,Van,"Volkswagen Commercial Vehicles introduced the sixth generation of the Multivan in 2015, a nameplate that was already considered by many a benchmark in the segment.Designed as a commercial vehicle and then adapted as a people carrier, the Multivan still shared many parts with its LCV cousin. But the automaker tried to conceal that with many features and amenities that transformed the vehicle into a friendly car built for the entire family and some friends. The 2015 model was designed with the concept of a minivan in mind, and offered unique features in its segment.At the front, the car sported a set of headlights that resembled those installed on the Passat and Polo, with an angular look on the inner part of the headlamps. In addition, the grille received a pair of chromed slats and a fat lower bumper that sported a pair of fog lamps as an option. The automaker offered a sliding door on the passenger side, while another one on the driver's side was offered as an option. These, together with the regular front doors, made the ingress and egress to the vehicle easy for all passengers. At the back, the wide tailgate was large enough to serve as a roof during rain.Inside, the Multivan was available in various configurations, including a seven-seat option with the middle row featuring captain seats. There were plenty of options that transformed the vehicle from a regular people carrier into a VIP shuttle. Its only downturn was the high floor, which made it somehow uncomfortable. At the front, the dashboard received a flat dashboard with an integrated infotainment system placed on the center stack. Unusually, in the ""Bulli"" trim, the car featured a body-colored trim on the dash.Under the hood, Volkswagen installed a choice of gasoline and turbo-diesel engines ranging from 150 PS (148 hp) to 204 PS (201 hp) that sent their power to the front or all wheels, depending on the options.",https://s1.cdn.autoevolution.com/images/gallery/volkswagen-multivan-t6-2015-7362_10.jpg,204,Blue,17722,32129
47,Volkswagen,VOLKSWAGEN TRoc,2017,Gasoline,1.0L TSI 6MT (115 HP),6-speed manual,SUV (Sports Utility Vehicle),"The cross-over vehicles are the trend of the decade. Volkswagen already has good experience in this area, after the successful Touareg and Tiguan. So, it tries its luck with the compact-sized T-Roc. A 4.2 meter (13.9 ft) long vehicle, with enough attitude to attract young customers. Inside, Volkswagen installed all that young people needs. First, it is the minimalist design, with simple, horizontal lines. Then it added some features like an Apple CarPlay plus Android Auto infotainment unit. Then, a range of colors and TFT display for the instrument panel. In the end, some normal seats with nice stitching were placed. Not so supportive on corners, but the kind of seats easy to get in and out of the vehicle.The T-Roc was built on the same MQB platform used by the VW Group on various vehicles. It added higher ground clearance and offered a wide variety of engines and transmissions. The base model had 3 cylinders and, with the help of a turbocharger, offered 116 hp and 200 Nm (147.5 lb-ft) of torque and was front-wheel drive.The top version, though, was the 300 hp T-Roc R with its 2.0-liter TSI gasoline engine. And that was mated to a 7-speed DSG (dual-clutch) transmission and had all-wheel-drive. It was like a Golf R, on stilts.",https://s1.cdn.autoevolution.com/images/gallery/VOLKSWAGEN-T-Roc-6091_7.jpg,115,White,16959,68797
48,Volkswagen,VOLKSWAGEN Jetta,1992,Gasoline,1.5L 6MT (158 HP),6-speed manual,Unknown,"For three decades, the Jetta was the best-selling Volkswagen on the market, thanks to its compact size and three-box sedan look, which made it suitable for families and company cars as well.In 2021, the German carmaker introduced a facelifted version for Jetta’s seventh generation, which modified the styling and some of the engines.On the outside, the car featured a new grille with two distinctive chromed bars that flanked the VW logo in the middle. For the GLI version, a red strip ran across the bumper, connecting the standard LED headlights. From its sides, the chromed trims around the windows were another standard feature for the 2022 model year.Inside, the German carmaker upgraded the infotainment system to the MIB3 version, fitted as standard for the GLI and available as an option for the rest of the range. Volkswagen also included an 8” display for the instrument cluster, with an option for a 10” unit dubbed Digital Cockpit Pro. As expected, the car featured wireless Android Auto and Apple CarPlay connectivity. Under the hood, Volkswagen adopted the 1.5-liter turbocharged unit for most of the range. On the other hand, the GLI, provided the same 2.0-liter turbocharged powerplant as its predecessor. Depending on the options and version, an automatic (dual-clutch) transmission will be available for the entire range.",https://s1.cdn.autoevolution.com/images/gallery/volkswagen-jetta-2021-7152_1.jpg,154,Grey,22229,108636
49,Volkswagen,VOLKSWAGEN Bora,1992,Gasoline,1.4L 5MT (75 HP),5-speed manual,Unknown,"Volkswagen introduced the fourth generation of its compact sedan lineup in 1998 with different names for different markets, as Jetta, Bora or Vento, based on the same platform as the Golf MK4.The German carmaker didn't want to cause any confusion between models, so it drastically changed the car's exterior, and, in the end, it didn't even resemble the Golf. Its design department managed to create a completely new visual identity.Even though it was introduced at the peak of the bio-design era, the Bora featured squared headlights and a conventional grille incorporated into the hood's panel. Its greenhouse was as tall as the one on the Golf but with a sloped rear window instead of the vertical one, while the trunk line sat higher than the hood's, creating a sportier appearance.Inside, there was room for five adult passengers with a pair of regular seats at the front and very little side bolstering. In the back, the Jetta/Bora/Vento featured a flat bench suitable for three adults with adequate legroom and headroom but not very roomy. Its dashboard didn't show any special design. It was bland but functional, with the stereo mounted on top of the climate control unit and a rounded instrument cluster that featured four analog dials and two LCDs inside the speedometer and tachometer.The Jetta was available with a huge range of engines, but Volkswagen didn't offer them on all the markets. Some were specific, such as the diesel and turbo-diesel versions, which were not very popular in the U.S. but on high-demand in Europe thanks to their fuel-efficiency. Volkswagen offered a few versions with an all-wheel-drive system.",https://s1.cdn.autoevolution.com/images/gallery/VOLKSWAGENBora-1457_1.jpg,75,Red,64018,57756
50,Mercedesbenz,MERCEDES BENZ CLA Shooting Brake C118,2015,Gasoline,180 6MT FWD (136 HP),6-manual speed,"Wagon (station wagon, estate, combi, touring)","The second-generation Mercedes-Benz CLA Shooting Brake is aimed at customers for whom, just a few years ago, Mercedes-Benz was not the first thing that came to mind when they were looking to buy a car. Like the previous model, the new CLA Shooting Brake will be manufactured at the Kecskemet plant in Hungary and came onto the market in September 2019. Along with the CLA Coupé, the CLA Shooting Brake has the sportiest driving characteristics of all the models in the new compact car generation from Mercedes-Benz. This is down to the wider track, which makes the new Mercedes-Benz CLA Shooting Brake look even more athletic, as well as the lower centre of gravity and the multi-link rear suspension generally fitted in these models. The wheel suspensions are not only precisely guided, but also designed for ride comfort and quiet-running with acoustic control arms that decouple vibrations at the rear and hydro-mounts at the front. A large-scale stabilizer bar reduces the roll angle. An Adaptive Damping System is available on request, which allows the driver to switch between more comfort or particularly sporty tuning. There is a huge selection when it comes to the wheels. The wheel diameters range from 16 to 19 inches, tire size starts at 205/60 R 16 and finishes at 225/40 R 19 ex works.",https://s1.cdn.autoevolution.com/images/gallery/MERCEDES-BENZ-CLA-Shooting-Brake-6524_9.jpg,136,Red,16625,28312
51,Mercedesbenz,MERCEDES BENZ CLA Shooting Brake X117,2015,Gasoline,180 6MT (122 HP),6-speed manual,"Wagon (station wagon, estate, combi, touring)","After successfully introduced the CLA lineup in 2013, the German automaker expanded the range with a stylish, Shooting Brake version, albeit in four doors.The original shooting brake type of bodywork was a two-door station wagon. Later on, when the ""four-door coupe"" nickname became accepted by customers, automakers saw no reason why not to call a station wagon derived from a four-door coupe as a shooting brake. And Mercedes-Benz was among the first to do that with the CLS shooting brake. So, in 2014, it added this type of shape to the four-door coupe CLA, resulting in the CLA Shooting Brake.While the front side of the vehicle carried over elements from its CLA sibling, the car was different from the B-post rearward. It featured a longer and curved roof that extended past behind the rear seats. In addition, the rear overhang's size was increased, and a set of side windows were added between the C- and D-pillars. Last but not least, at the back, a raked-forward tailgate completed the car's shape.Inside, a thick three-spoke steering wheel, round air vents, race-inspired seats, ambient lighting, and a floating infotainment system screen were all part of the new packaging. The rear seats offered more headroom for their occupants, and a split-folding bench was added to the standard features of the Shooting Brake version.A fully independent suspension, four-disc braking system, and electromechanical power steering ensure the car is both comfortable and very maneuverable. Power comes from a choice of new turbocharged, direct-injected four-cylinder engines coupled with both 6-speed manual and 7-speed automatic transmissions. Both front- and all-wheel-drive systems were available.",https://s1.cdn.autoevolution.com/images/gallery/MERCEDES-BENZ-CLA-Shooting-Brake-5344_10.jpg,122,Grey,135756,60336
52,Mercedesbenz,MERCEDES BENZ GLS Maybach X167,2020,Gasoline,4.0L V8 9AT AWD (558 HP),9-speed automatic (9G-TRONIC),SUV (Sports Utility Vehicle),"Previewed by various rumors and even a concept car that has pretty much nothing in common with the production version, the Mercedes-Maybach GLS is the first model of its kind. Unlike the Mercedes-Maybach version of the S-Class, whose design differs quite a bit compared to the regular S-Class, the Maybach GLS looks almost the same as its more civilian counterpart that sports a three-pointed star as the emblem instead of the more prestigious double-M. The exterior only gets the option of a two-tone paint and a couple of Maybach-specific design details like new bumpers, engine grille, 22 or 23-inch wheels and double-M badges. As an exclusive feature, automatically retracting running boards complete the package. The interior is where the fun starts, as the 2+2 luxury SUV offers much-increased space for the rear passengers, who are treated with almost the same luxurious amenities as the Mercedes-Maybach S-Class. The luxury SUV was launched exclusively as the GLS 600 4Matic, powered by a twin-turbocharged 4.0-liter V8 combined with a 48-volt mild-hybrid system. The Mercedes-AMG engine delivers 558 horsepower and 730 Nm (538 lb-ft) of torque, sent to all four wheels through a 9-speed 9 G-Tronic automatic transmission. Thanks to the mild-hybrid system, an additional 22 horsepower and 250 Nm of torque are available temporarily depending on driving situation.",https://s1.cdn.autoevolution.com/images/gallery/MERCEDES-BENZ-GLS-600-Maybach-6701_17.jpg,558,Blue,167548,70628
53,Mercedesbenz,MERCEDES BENZ GLBClass X247,2019,Gasoline,200 7AT (163 HP),7-speed automatic,SUV (Sports Utility Vehicle),"With a design that is somewhat of a throwback to the angular GLK, which was replaced by the much more rounded GLC, the all-new Mercedes-Benz GLB is a spacious compact SUV that in some configurations is the smallest Mercedes-Benz that can carry up to seven passengers. The model was developed on the MFA2 (Modular Front-wheel-drive Architecture) platform, meaning that it shares most of its parts with cars like the A-Class, B-Class, GLA, CLA and all of their different iterations.Despite its compact platform, the GLB is almost as large as the GLC, while offering a lot more interior space. The car's wheelbase is 10 centimeters longer than the latest B-Class, for example, which enables the crossover to offer a luggage capacity of 560 to 1755 liters in the five-seat configuration, making it the most spacious vehicle in the Mercedes-Benz compact car lineup. In the optional seven-seat configuration, the GLB can comfortably carry two passengers up to a height of 1.68 m on the two additional seats in the trunk, which come with their own retractable head restraints, seat belts with belt tensioners, a side window airbag and ISOFIX and TOP-Tether anchorage points for suitable child seat. Most of the engine lineup is carried over from the car cars in the Mercedes-Benz compact lineup.",https://s1.cdn.autoevolution.com/images/gallery/MERCEDES-BENZ-GLB-6595_12.jpg,163,White,10803,61038
54,Mercedesbenz,MERCEDES BENZ CLA Coupe C118,2013,Gasoline,180 6MT FWD (136 HP),6-manual speed,Unknown,"Initially introduced as niche model with not exactly great chances of becoming a sales hit in the compact Mercedes-Benz lineup, the CLA has managed to prove otherwise. Over 750,000 CLA Coupes and CLa Shooting Brakes have been sold from the first generation, prompting Mercedes-Benz to invest in the development of a modern reiteration. Based on the MFA2 platform, the all-new CLA II is a tad longer, wider, has a much longer wheelbase but is also slightly lower than its predecessor, making for an even more dramatic look. The aggressive but elegant looks is somewhat contradicting the overall design, which is a lot smoother and more polished, without making so much use of complex lines and non-aerodynamic intakes. The interior is pretty much a carbon copy of the one found in the A-Class W177, which was no surprise considering the two share the same platform. Also expected was the introduction of MBUX on the new CLA, which takes Mercedes-Benz infotainments to new heights through Artificial Intelligence.",https://s1.cdn.autoevolution.com/images/gallery/MERCEDES-BENZ-CLA-Coupe--C118--6474_11.jpg,136,Blue,143935,48840
55,Mercedesbenz,MERCEDES BENZ CLA C117,2013,Gasoline,CLA 180 6MT (122 HP),6 speed manual,Unknown,"After the successful introduction of the A-Class's new generation, Mercedes-Benz decided to build a four-door coupe based on it and named it CLA.The A-Class MPV sales were not that great, so Mercedes-Benz decided to make a bold move by launching the compact hatchback A-Class instead. It was a replacement for both the compact MPV and the former CLC, based on the W203 C-Class model. The five-door hatchback was soon followed by a sedan built like a baby CLS, but with front-wheel-drive.While the car's front was carried-over from the A-Class, the car's shape was completely changed from the A-pillars to the back. The German designers imagined a low-profile roof with a sloped back and short trunk lid. The frame-less doors enhanced the car's look.The interior was inspired by the A-Class, with a more organic feel to it and a better fit and finish. A thick, three-spoke steering wheel, round air vents, race-inspired seats, ambient lighting, and a floating infotainment system screen were all part of the new packaging. The rear seats didn't offer too much headroom, but those who bought it were more concerned about the look and style than the practicality. But still, they could transport two adults on the rear seats.A fully independent suspension, four-disc braking system, and an electromechanical power steering ensure the car is both comfortable and very maneuverable. Power comes from a choice of new turbocharged, direct-injected four-cylinder engines, coupled with both 6-speed manual and 7-speed automatic transmissions. Both front- and all-wheel-drive systems were available.",https://s1.cdn.autoevolution.com/images/gallery/MERCEDES-BENZ-CLA--C117--4714_24.jpg,122,Silver,98786,60221
56,Mercedesbenz,MERCEDES BENZ GLE W167,2015,Gasoline,450 EQ Boost 4MATIC 9AT AWD (367 HP),9-Speed automatic G-Tronic,SUV (Sports Utility Vehicle),"The second generation of the Mercedes-Benz GLE is actually the first GLE developed from the ground up on a new platform. It's also the fourth generation of the M-Class if you're trying to be pedantic, since it occupies the same segment as its predecessor. The letter E in its name signifies the model's positioning in the E-Class family, meaning that we're still looking at a mid-size SUV. Based on the entirely new platform, called the MHA (Modular High Architecture), the 2019 GLE-Class comes with a lot premieres. By far the biggest premiere is the E-Active Body Control, which is a fully networked hydro-pneumatic suspension based on a 48-volt electrical system, combined with an air suspension. Technically, it's even more advanced that what you can find on a fully specced S-Class for the time being. Sporting a drag coefficient of 0.29 on certain version, the new GLE is also the most aerodynamic car in its segment, despite having a larger footprint than either of its predecessors.",https://s1.cdn.autoevolution.com/images/gallery/MERCEDES-BENZ-GLE--W166--6401_15.jpg,367,Silver,40821,95571
57,Mercedesbenz,MERCEDES BENZ GLE W166,2015,Gasoline,400 4MATIC 7AT (333 HP),7-speed automatic (G TRONIC),SUV (Sports Utility Vehicle),"The GLE was introduced on the market in 2015 as the facelift for the third generation of the ML-Class. But it was more than just a re-badge of a car. It was the integration into a constellation.The first generation of the ML was launched in 1997 and even if it featured body-on-frame construction, it was an important step toward the new age of sport-utility vehicles. The second generation adopted the unibody construction and the third generation brought more technology. In 2015, the mid-life cycle refresh received a new name, according to the new naming system from Mercedes-Benz: the GLE.The 2015 GLE featured a revised package with the grille, bumpers, headlights, fenders, and the hood with two power domes. The LED daytime running lights were integrated into the upper part of the headlights and the LED taillights were enhanced.Inside, the 7” standard media display was accessible via the COMAND controller with the touchpad fitted above in an optimal ergonomic position. New colors and materials were used to enhance comfort and new safety systems were added, such as the Crosswind Assist and Collision Prevention Assist Plus.For the engine lineup, there was the new inline-six 3.0-liter engine bi-turbo unit, which offered 333 hp. The same engine was installed in the plug-in hybrid version where it was helped by a 116 hp electric power. The energy was stored into an 8.8 kWh battery pack and allowed the GLE to drive 29.7 km (18.5 miles) on electricity at speeds up to 128.7 kph (80 mph).",https://s1.cdn.autoevolution.com/images/gallery/MERCEDES-BENZ-GLE-5414_10.jpg,333,Blue,118891,55462
58,Skoda,SKODA Fabia,2000,Gasoline,1.0L MPI EVO 5MT (65 HP),5-Speed manual,Hatchback,"Skoda introduced the fourth generation of its small-segment contender, Fabia, in 2021, and its features outrun many compact and mid-size vehicles.When Volkswagen bought the Czech carmaker, Skoda, its intention was to make it a budget company, which relied on its sales figures rather than in profit per unit. It helped it with technology and many other improvements, but in the end, it was about the Czech workers' stubbornness to build the car properly and make them one of the most reliable in the Volkswagen Group. The Fabia came on the market in 1999, and it was more or less a Volkswagen Polo with different bodywork. In 2021, the Fabia received the MQB-A0 platform used by Audi A1, Volkswagen Polo, and SEAT Ibiza, to name just a few.The exterior was still dominated by sharp angles and straight lines, resembling the Czech Cubism design concept. Its wide grille with vertical slats and chromed surrounding matched the look of its bigger brothers Scala, Octavia, and Superb. Its front bumper sported a wide grille at the bottom that hosted the side-mounted fog lights. From its sides, the design team made some sculptured areas on the lower side of the doors to channel the air and prevent turbulence near the bodywork. Its 0.28 aerodynamic coefficient confirmed that the engineers' efforts were not in vain.Inside, Skoda offered one of the roomiest interiors in the segment to that date. The carmaker provided an option for a 10.25"" digital instrument cluster and a 9.2"" infotainment system, depending on the trim level. Its wheelbase allowed enough room for up to five passengers and a 380 liter (13.4 cu-ft) of trunk space. An intelligent option was the umbrella incorporated into the front driver's door.Under the hood, Skoda installed a five-engine choice ranged between 65 hp and 150 hp.",https://s1.cdn.autoevolution.com/images/gallery/skoda-fabia-2021-7102_40.jpg,65,Grey,141960,36349
59,Skoda,SKODA Karoq,2017,Gasoline,1.0L TSI EVO 6MT (110 HP),6-manual speed,SUV (Sports Utility Vehicle),"Skoda refreshed the Karoq lineup in 2021, adding more appeal to one of its best-selling SUVs.Being part of the Volkswagen Group, the Czech carmaker had to update its products after four years since their launches on the market. Despite the pandemic situation of the 2020s, it managed to comply with that demand. Maybe they could've done a better job, but still, it ticked enough boxes to qualify as an upgraded version.Skoda slightly reshaped the front fascia on the exterior, adding a thicker rim to the updated wide, hexagonal grille and installing a new set of slimmer headlights. Its new bumper featured a reshaped version of the older one, including a lower, narrow air intake. At the back, the carmaker placed a new set of taillights that followed the same shape as the previous ones but had a sharper look. In addition, the rear apron was extended downwards and, combined with the underbody shield, decreased the aerodynamic drag to a 0.30 coefficient.The 2021 Karoq was available in three trim levels: Active, Ambition, and Style. Moreover, they could have been enhanced with the Sportline package, which added a few details to make the car looks more aggressive.Inside, the carmaker added an Eco Pack option that included a new upholstery made out of recycled and vegan materials. In addition, there was a new decorative pack for the doors, which added softer materials. Skoda was often criticized for its hard-plastic door panels, especially less-expensive versions.Under the hood, the carmaker installed a choice of five engines ranging between 110 PS (108 hp) and 190 PS (187 hp) paired with either a six-speed manual or a seven-speed automatic (dual-clutch) gearbox.",https://s1.cdn.autoevolution.com/images/gallery/skoda-karoq-2021-7212_1.jpg,110,Red,94440,33121
60,Skoda,SKODA Kodiaq,2016,Gasoline,1.5L TSI 6MT (150 HP),6-speed manual,SUV (Sports Utility Vehicle),"Skoda refreshed the Kodiaq SUV in 2021, after four years and 600,000 units sold globally.The Kodiaq was a gamechanger for the Czech carmaker Skoda. It was a mid-size SUV with room for seven offered with various powerplants and drivetrains that placed it at the same level as other European brands. It was built on an extended Volkswagen MQB platform, the same used for the Tiguan Allspace.With the 2021 range, Skoda introduced a new set of slimmer Matrix LED headlights on its biggest SUV on the market. They were standard features on the full-options trim level L&K (Laurin&Klement) and on the sportiest version, the RS. Its more upright grille made the car looks rougher than before, able to cope with difficult off-road situations even though it was more of a mall-roader than an off-roader. On its sides, the black moldings around the wheel-arches added more protection for the bodywork. The carmaker introduced a new set of 20” light-alloy wheels on the options list.Inside, the Kodiak featured new upholstery options and contrast stitchings for specific versions on the seats and dashboard. Depending on the trim level, two or three-spoke steering wheels were fitted as standard. The carmaker offered a ten-speaker Canton sound system as standard on the L&K trim level or optional for the rest of the range. Its infotainment unit was equipped with a standard 8” touch-screen with an option for a 9.2” display. Skoda included a 10.25” TFT display for the instrument cluster as an option.Under the hood, the carmaker introduced two turbo-diesel and three gasoline options, all turbocharged. The entry-level 1.5-liter gasoline was the only available with a front-wheel-drive and a six-speed manual, while the rest of the powerplants were paired to a seven-speed (dual-clutch) gearbox and all-wheel-drive.",https://s1.cdn.autoevolution.com/images/gallery/skoda-kodiaq-2021-7085_25.jpg,150,White,62032,26324
61,Skoda,SKODA Kodiaq RS,2016,Diesel,2.0L Biturbo 7AT 4x4 (240 HP),7-speed automatic (DSG),SUV (Sports Utility Vehicle),"Launched at the 2018 Paris Motor Show, the Kodiaq RS is the first ever Skoda SUV to wear the coveted RS initials, while also sporting the most powerful diesel engine in the history of the Czech car manufacturer. Before launching the model on the market, Skoda took the time to test its fastest SUV on the Nurburgring Nordschleife, even though probably none of its customers will ever take their family car on the track. With a best time of 9 minutes and 29.84 seconds, the Skoda Kodiaq RS now holds the lap record for the fastest seven-seater SUV on the famed German track.Thanks to a twin-turbocharged 2.0-liter TDI engine that develops 240 PS and 500 Nm (369 lb-ft) of torque, which is paired to a 7-speed DSG gearbox and all-wheel-drive, the sporty SUV can hit 100 kph (62 mph) in 7 seconds flat and has a top speed of 220 kph (137 mph). Not the most impressive numbers for a Nurburgring record-breaking car but impressive enough for a seven-seater. Another premiere for a Skoda model is the so-called Dynamic Sound Boost technology, which is fitted as standard on the Kodiaq RS. In short, it augments the standard engine note with an artificial one, which can be heard in the cabin through the audio system.",https://s1.cdn.autoevolution.com/images/gallery/SKODA-Kodiaq-RS-6423_26.jpg,240,Red,102574,28402
62,Skoda,SKODA Octavia Scout,2006,Gasoline,1.5L TSI 6MT (150 HP),6-Speed manual,Unknown,"The Czech brand introduced the Octavia Scout in 2020, along with the rest of the Octavia range in a completely online event due to the world pandemic situation.The fourth generation of the Octavia offered more interior room and a new image. The car was built on the MQB Evo platform, which allowed a better integration for the mild-hybrid and hybrid versions. The Scout trim level was, just like its predecessors, a heightened and rugged version for the regular Octavia station-wagon.The new model featured a broader and shorter grille at the front. The designers chose the cubism style for the Octavia, and it was translated on the Scout version as well. Both bumpers and the side-sills were fitted with black plastic trims to protect the underbody from chips. A fake silver plastic shield enhanced the look of the front bumper. The black plastic molds on the wheel-arches were already a typical design cue of the Octavia Scout and found their way onto the 2020 model.The interior of the car was the same as the rest of the Octavia range. The interior design was specific for the trim level, with a mix of wood and green trims around the dashboard and the door panels. A 10” infotainment touch-screen display found its way on top of the center stack, in a free-floating design. Like its predecessors, the 2020 Octavia Scout offered more comfort due to the heated steering wheel and seats.Under the hood, Skoda installed a choice of turbocharged diesel or gasoline engine. The big news was about the traction system. For the first time, the Scout version was available as a 2WD only, for specific engines.",https://s1.cdn.autoevolution.com/images/gallery/SKODA-Octavia-Scout-6842_2.jpg,150,Silver,68824,67497
63,Skoda,SKODA Octavia,1997,Gasoline,1.0L TSI EVO 6MT (110 HP),6-Speed manual,Unknown,"The fourth generation of the Skoda Octavia was unveiled outside of an auto show and several months before actually going on sale. With a lineage that make its by far the most successful Skoda model in history, the new Octavia is now larger in almost every respect compared to its predecessor, while new connectivity and assistance systems have found themselves being part of its new package.The hatchback sedan is now 19 mm longer and 15 mm wider than the old Octavia. Thanks to the larger dimensions, the already gigantic luggage compartment space has also improved to 600 liters, or 10 liters more than before. The entirely new exterior design now features narrower headlights with LED technology for the low beam, high beam and daylight driving lights as standard and the sculpted shape makes way for a drag coefficient of just 0.24, one of the lowest in its segment. Its newly designed interior features a multi-level dashboard with LED ambient lighting and features a free-standing central display. A head-up display system is optional for the first time in a Skoda model. A new two-spoke steering wheel can be customized depending on trim level with heating and/or new control buttons with knurled scroll wheels, making it truly multi-function.",https://s1.cdn.autoevolution.com/images/gallery/SKODA-Octavia-6688_45.jpg,110,Blue,21917,34406
64,Skoda,SKODA Octavia II,1997,Gasoline,1.4L 5MT (75 HP),5-Speed manual,Unknown,"Skoda unveiled the second generation of the Octavia at the 2004 Geneva Motor Show, and it proved that the success recorded with its predecessor was not an accident.Built on the PQ35 platform used by the Volkswagen Golf V, the Octavia II was a significant step forward for the Czech carmaker. While the first generation looked more like a budget car, its successor was already in a different league. Volkswagen already prepared Skoda to compete against more notorious carmakers such as Renault, Opel, or Fiat. Skoda was no longer the Cinderella of the VW group. The Octavia featured a bolder front fascia with a tilted backward grille with vertical slats. Its wedged-shaped headlights followed the cubism design trend and created a corporate identity to the Czech carmaker. Like its predecessor, it featured a hatchback-style bodywork with a sloped liftgate at the back. Its taillights sported a clear C-shaped reversing light, which stood from “Clever”.Inside, it was bigger than some mid-size sedans on the market. At the front, the new dashboard featured curved lines and aluminum trims on the door panels and the center stack. Its center console was tall and sported a decent storage compartment and the gear-stick (or the gear selector for the automatic transmission version). The Octavia offered seating for five with two bucket seats at the front and a split-folding bench in the rear, which expanded the trunk from 560 liters (19.8 cu-ft) to 1,420 liters (50.1 cu-ft). Under the hood, Skoda offered a choice of seven engines carried over from Volkswagen. The carmaker paired them with either a manual or an automatic (dual-clutch) gearbox, depending on the trim level and power.",https://s1.cdn.autoevolution.com/images/gallery/SKODAOctaviaII-565_1.jpg,75,Silver,179686,89418
65,Skoda,SKODA Octavia Combi RS,2002,Gasoline,2.0L TSI 6AT (230 HP),6-speed automatic (DSG),"Wagon (station wagon, estate, combi, touring)","The refreshed third generation Skoda Octavia Combi also got an RS version, with its dynamic character that is noticeable at first glance. The front end comes with a grille that is enhanced by additional full-LED headlights with adaptive frontlight system, and a sport bumper with large air intakes. The wing mirrors and door handles of the Skoda Octavia RS and the Skoda Octavia Combi RS have the same colour finish as the body. For the sporty top-of-the-range model a choice of eleven colours is available, including the special colours 'Steel Grey' and 'Rally Green'. In addition, customers can also opt for the 'Black Design' style pack. On the tailgate, the spoiler lip (hatchback) or the roof spoiler (Combi) create design accents. With its new shape, the rear bumper appears powerful and neat thanks to subtle contours. There is a choice of two high-performance, four-cylinder turbo engines for the intensively revised Skoda Octavia RS and Skoda Octavia Combi RS - one petrol and one diesel.",https://s1.cdn.autoevolution.com/images/gallery/SKODA-Octavia-Combi-RS-5999_7.jpg,230,Red,159814,47800
66,Ford,FORD Mustang Convertible,1964,Gasoline,2.3L GTDi EcoBoost 10AT (310 HP),10-speed automatic,"Convertible (spider/spyder, cabrio/cabriolet, drop/open/soft top)","A real eye-catcher, the 2017 Ford Mustang was a luxurious, fast muscle car, available as a coupe or a convertible body style.With a choice of powerful engines and lots of interior upgrades, accompanied by a sharp handling, the Ford Mustang was one of the top choices for convertible lovers.Besides the looks and power, safety was one of the Mustang’s strongest points. It managed to earn 5 stars out of five for overall crash protection, front-impact protection and side-impact protection.Inside, high-quality materials were used throughout the cabin, however, Mustang remained truthful to its retro design with the dual-cowl dashboard. Ford made sure to add the modern technologies found in European luxury vehicles and some of the features included were standard keyless entry and keyless go, a rear-view camera, Track Apps and Sync Voice command system.The standard seats were comfortable and provided plenty of bolstering, however, customers could have chosen the Recaro seats that increased lateral support.Space wise, the Mustang did not have the roomiest cabin, and it was best to avoid having adults in the rear seats. The cargo area was surpassingly generous for a sports car, at least with the top up.The 2017 model was available in five trim levels: V6, EcoBoost, EcoBoost Premium, GT and GT Premium.Those looking for the fastest ride the Mustang could offer had the choice of a 5.0-liter V8 engine that developed 435 hp.",https://s1.cdn.autoevolution.com/images/gallery/FORD-Mustang-Convertible-6153_6.jpg,314,Grey,103689,50121
67,Ford,FORD Mustang Shelby GT500 Convertible,1964,Gasoline,5.4L V8 6MT (540 HP),6-speed manual,"Convertible (spider/spyder, cabrio/cabriolet, drop/open/soft top)","When Ford and Caroll Shelby joined their forces to built the GT500, the blue-oval carmaker decided to offer the car as a coupe and a convertible as well.In 2004, Ford successfully introduced the fifth generation of the Mustang. After forty years, the original pony-car was famous once again. This time, the design was right, and its retro-styling was the key to get to the customer's wallets. While the car was available with less-powered versions, in the beginning, the GT500 was a promise for thrills and surprises, which were brought either as a fastback coupe or a convertible.The GT500 featured a more aggressive look with the silver snake badge on the black front grille. To make room for the supercharged V8 engine, the car featured a wide dome on the hood with three extracting vents on it, needed for cooling. A special aerodynamic package with a lower lip spoiler, side sills, and a duck-tail on the trunk lid completed the image. Unlike the rest of the range, the GT500 Convertible featured fog-lights installed on the lower bumper area, not in the grille.To keep its occupants fixed, Ford Mustang Shelby GT500 featured a pair of bucket seats for the front passengers. The dashboard featured a new infotainment unit on the center stack. Ford's designers followed the aftermarket community ideas and offered additional gauges on the A-pillars in the options list.Ford Mustang GT500 featured a supercharged V8 engine paired to a heavy-duty 6-speed manual gearbox. SVT engineers retuned and upgraded key chassis components, which made the car corner faster. They also stiffened the suspension, revised spring rates, and improved the five-link rear solid axle.",https://s1.cdn.autoevolution.com/images/gallery/FORDMustangShelbyGT500Convertible-3921_1.jpg,548,White,162699,99317
68,Ford,FORD Escape,2000,Gasoline,ST- Line 1.5L EcoBoost 8AT AWD (182 HP),8-speed automatic,SUV (Sports Utility Vehicle),"Ford refreshed the fourth generation of the Escape in 2022 for the 2023 model year and improved the car's look, the interior, and most importantly, the drivetrain.Sharing its platform with the European Ford Kuga or with the Focus' fourth generation, the Escape proved to be a good bet for those looking for a crossover perfectly suitable for the urban environment. Moreover, it managed to be a good companion on long runs, albeit its rather short wheelbase didn't recommend it for cross-continental drives.Moving to the facelifted version, the Escape offered a redesigned front fascia that featured narrower headlights with angular LED daytime running lights inside. Unlike its predecessor, the 2023 model featured a higher-mounted grille with a wide hexagonal shape and had the blue-oval badge mounted on it instead of on the upper side of the bumper. From its profile, the 2023 Escape didn't change too much, save for the front bumper. Finally, the rear side of the crossover sported redesigned taillights.Inside, the most significant difference was on the dashboard, which received a new infotainment unit placed atop the center stack. It featured SYNC 4 technology that allowed a cloud-connected navigation system. In addition, it had wireless Apple CarPlay and Android auto smart driving capability.Ford offered the Escape as a gasoline-only version, a hybrid, or a plug-in hybrid version.",https://s1.cdn.autoevolution.com/images/gallery/ford-escape-2022-7338_9.jpg,182,Blue,161371,104046
69,Ford,FORD Everest,2003,Diesel,2.0d Turbo 6AT RWD (170 HP),6-automatic speed,SUV (Sports Utility Vehicle),"One month after it introduced the Ranger, Ford brought the new generation of the Everest on the market, replacing its seven-year-old predecessor.Ford was highly successful with the previous generation of the Everest and followed the same recipe for the 2022 model. Thus, it carried over the chassis and the drivetrain from the Ranger and then added a modified bodywork on top of that. At the front, the 2022 Everest featured the same front fascia as its pickup sibling. Thus, it carried over the C-shaped daytime running lights and a massive grille adorned with chromed elements. In addition, the lower bumper sported a pair of fog lamps and two recovery hooks. But, unlike its Ranger sibling, the Everest received a fully-closed bodywork. Thus, from its profile, the long roof was extended behind the rear seats. By creating a raked-forward D-pillar adorned with a chromed trim, the automaker managed to hide the SUV's utilitarian roots. Finally, at the back, the taillights were extended from the quarter panels onto the tailgate and were visually connected with a chromed slat that sported the Everest nameplate.Inside, the Everest carried over Ranger's dashboard that featured a generous infotainment system placed atop the center stack. Also, the instrument cluster was fully digital, with a rectangular display in the middle flanked by the speedometer and tachometer on separate TFTs. Depending on the trim level, the Everest boasted a leather-wrapped interior for the higher grades, while the base models were offered with cloth upholstery. Its seven-seat capacity transformed the Everest into a sought-after vehicle, and Ford kept that attribute.Under the hood, Ford announced a V6 turbo-diesel developed with Volkswagen. The base version, on the other hand, was powered by a 2.0-liter bi-turbo oil burner. Both versions sent their torque in all corners via a ten-speed automatic transmission.",https://s1.cdn.autoevolution.com/images/gallery/ford-everest-2022-7340_17.jpg,170,Red,159500,50604
70,Ford,FORD Ranger Wildtrak,2019,Diesel,2.0L EcoBlue 6MT AWD (170 HP),6-manual speed,Truck,"Ford introduced a brand new generation of its well-known pickup Ranger in 2021 and, to live up to its reputation, the carmaker introduced the Wildtrak version as well.The Ranger was the best-selling pickup in Europe, the UK, and other countries around the world. Its simple construction, rugged chassis, and fuel-efficient engines made it a great choice over its competitors. Thanks to the U.S. know-how carried over from the F-150, the 2021 Ranger became even more desirable not only by contractors and used as a workhorse but also as a lifestyle vehicle.At the front, its C-shaped daytime running lights surrounded the outer sides of the headlights, resembling those installed on the Bronco and the F-150. Its massive front grille was designed to accommodate larger radiators for the V6 turbodiesel engine and also incorporated a lower area fit for aftermarket winches. Ford worked together with ARB for that, so the owners received strong support for that. Finally, at the lower side of the bumper, the carmaker installed two recovery hooks.From its sides, the Ranger featured a pair of functional vents on the front fenders, which was unusual. Those were installed to help cool the engine. At the back, the Ranger featured its nameplate stamped on the tailgate and the third brake light.Inside, on the center stack, the Ranger Wildtrak featured a 12”, portrait-mode infotainment screen fitted with the SYNC4 system. The electronic selector for the automatic transmission sported the buttons for manually engaging the gears sat between the front seats, on the center console. Next to it, a group of buttons controlled the transfer case.Under the hood, the carmaker placed the 3.0-liter V6 developed together with Volkswagen. The German carmaker chose to partner with Ford for the Ranger/Amarok lineup.",https://s1.cdn.autoevolution.com/images/gallery/ford-ranger-wildtrak-2021-7205_10.jpg,170,Silver,143073,39678
71,Ford,FORD Ranger Raptor,2011,Gasoline,3.0L V6 EcoBoost 10AT AWD (292 HP),10-speed automatic,Truck,"Ford stepped up its game for the European and Australian markets and introduced the Raptor version for the Ranger lineup, finally offering a high-performance version for this pickup.While in the U.S., the Raptor was already known for its capabilities offered in the F-150 and the Bronco, Europeans and Australians were left with a mundane, four-pot turbo-diesel engine mated to a ten-speed automatic. But that didn't last too long, and in late 2022 and early 2023, Ford introduced the gasoline-powered version of the Ranger Raptor T6.2.The Raptor came fitted with a redesigned front fascia, which featured the bold Ford lettering on the grille, flanked by the C-shaped LED daytime running lights. Under the bumper, the automaker installed an aluminum shield to protect the engine from elements and various hits. From its profile, the 17"" alloy wheels were fitted with Raptor-exclusive all-terrain tires. To further emphasize the off-road look of the pickup, Ford added black unpainted plastic cladding around the wheel arches and black side steps.Inside, Ford installed two displays for the instrument cluster and the infotainment system, respectively. The latter was a 12"" portrait-mode touchscreen. In addition, the steering wheel boasted the RAPTOR lettering on its lower side. At the front, the automaker installed a pair of Raptor-branded high-bolstered bucket seats in a two-tone color scheme.But the biggest change came under the hood, where Ford installed a turbocharged 3.0-liter gasoline engine that was available in different power versions, depending on the market. Both versions were paired to a ten-speed automatic gearbox and a two-speed transfer case that sent power in all corners.",https://s1.cdn.autoevolution.com/images/gallery/ford-ranger-raptor-2022-7399_12.jpg,292,Black,24868,32816
72,Ford,FORD Ranger Double Cab,2011,Gasoline,2.3L EcoBoost 10AT (270 HP),10-Speed automatic,Truck,"After eight years, Ford Ranger returned to the U.S. market, trying to get back its place in the mid-size pickup segment.Instead of researching a completely new product, the blue-oval brand just adapted the European/Australian Ranger. While that version was good on markets where the regular F-150s looked like monster trucks, in the U.S. was less impressive. Its old chassis and inline-four engines had to deal with Chevy Colorado or Toyota Tacoma, who was doing good on the U.S. market. But Ford knew it couldn't lose.With its SUV-like front fascia, enhanced by a skid plate under the bumper and LED daytime running lights on top of the headlights, the 2018 Ranger Double cab tried to be the family friend that could jump and help with anything. Its four-door cabin and separated bed proved to be the best choice for a mixed-use vehicle. It could successfully handle the family needs such as school runs and shopping, and on the weekend, it could haul a few thousand pounds up to a mountain lodge.Inside, the carmaker installed a car-like dashboard with a SYNC infotainment system on top of the center stack. The instrument panel placed in front of the driver showed a center-mounted speedometer flanked by two TFT displays. Ford managed to take the driveshaft lower under the cabin, so there was no hassle on the rear seats. Three people could sit well on the bench, while the front seats offered plenty of room.The carmaker installed a 2.3-liter EcoBoost (turbocharged) gasoline engine paired as standard with a ten-speed automatic gearbox. Two other turbo-diesel versions were available as well, especially for the Canadian market.",https://s1.cdn.autoevolution.com/images/gallery/FORD-Ranger-Double-Cab-6289_2.jpg,270,Red,38481,71178
73,Ford,FORD Fiesta ST 3 doors,2012,Gasoline,1.5L EcoBoost 6MT (200 HP),6-manual speed,Hatchback,"In 2018, Ford dropped the five-door Fiesta ST and kept only the three-door version, which was a better competitor for other pocket-rockets on the market such as Mini Cooper S or, in Europe, Renault Clio Sport.Ford tried to make a sportier version for the Fiesta ever since the first generation, but it wasn’t until the fifth generation when it succeeded in introducing a true, performant version for it, named ST. The 2018 model was part of the seventh generation which Ford introduced on the market in late 2016. In 2017, the blue-oval brand launched the ST version with three and five doors but starting with 2018, it kept only the fewer doors version. It sported an aggressive styling with a hexagonal pattern on the mesh-grille at the front, adorned by the red ST badge on the left lower corner. In the bumper, Ford’s designers placed an additional grille to cool the intercooler and a set of side-scoops that hosted the fog lights. A set of 17” light-alloy-wheels was fitted as standard, while a set of 18” was on the options list.Inside, the carmaker garnished the cockpit with sport-inspired trims and a standard SYNC 3 infotainment system. The Recaro sport bucket-seats featured high-bolstered areas to prevent their occupants from sliding during high-speed cornering. A thick steering wheel with 12-o’clock stitching amplified the sport sensation of the car.From a technical point of view, the 2018 Fiesta ST was the first that featured a Quaife limited-slip differential (LSD). That helped the car in corners and made it faster around tracks. In addition, its 200 hp engine paired to a standard, close-ratio, six-speed manual made it an excellent track-day car in its class.",https://s1.cdn.autoevolution.com/images/gallery/ford-fiesta-st-3-doors-2018-7170_11.jpg,200,Red,63518,110620
74,Honda,HONDA HRV,1999,Gasoline,1.8L CVT AWD (141 HP),CVT,SUV (Sports Utility Vehicle),"The second generation of the North-American version of the HR-V was introduced in 2022 as a 2023 model year and surprised its audience with its new approach and increased size.Honda introduced the HR-V in some markets. The crossover was a novelty for those times since it was based on the same platform as Honda Logo, a small-sized vehicle. The second generation, introduced in 2013 at the North American International Auto Show, was based on the Jazz/Fit's platform. But then, in 2022, the Japanese automaker changed its ideas and built the second generation of the North American version of the HR-V on the Civic's platform. The same model was sold on the Chinese market and in several other countries and was also known as Honda ZR-V.At the front, the angular headlights flanked a narrow, octagonal grille in the bumper. On the lower apron, a second air intake added more cooling surface for the engine. In addition, a pair of side scoops channeled the air around the vehicle to aid aerodynamics. From its profile, the sculptured door panels and the raised beltline created a dynamic image for the car. Moreover, the raked-forward C-pillars at the back emphasized the vehicle's sporty character.Inside, the HR-V boasted a 7"" digital instrument panel, while a 7"" touchscreen was placed atop the center stack. A metallic honeycomb mesh stretched from door to door across the dashboard. At the front, the automaker installed a pair of bucket seats, while at the back, the occupants could sit on a 60/40 split-folding bench.Under the hood, the 2022 HR-V received a new, 2.0-liter naturally-aspirated gasoline engine. It sent its power in all corners via a CVT gearbox.",https://s1.cdn.autoevolution.com/images/gallery/honda-hr-v-2022-7327_14.jpg,141,Grey,64867,19303
75,Honda,HONDA HRV 5 doors,1999,Gasoline,1.5L i-VTEC 6MT FWD (130 HP),6-speed manual,SUV (Sports Utility Vehicle),"The second generation of the small cross-over Honda HR-V was launched after 8 years of absence on the market. But the second generation was a true success.The first generation of the Honda HR-V was based, mainly on the Civic platform and was available in 3 or 5 doors, with FWD or AWD system. But the real deal came in 2014 when the second generation was launched. Its SUV look, with narrow front end and curved body style, was a big success on the market. Inside, there was room for five passengers with a big enough trunk to take it out for camping. Its low driving position and agile platform made it a very good all-round vehicle. Since the platform was a carry-over from the small MPV Honda Fit/Jazz, it had a roomy interior, with a small central tunnel. The dashboard was clean an simple and featured a big infotainment touch-screen on top of the dashboard. It had its own Honda app installed and it could be connected to a smartphone with Android Auto and Apple CarPlay. The instrument cluster was simple with big round dials. The driving position was low, more like a car and less like an SUV. The short gear-lever was a pleasure for many and a reason why the automatic transmission was not a big success for it in Europe.Under the hood, there were two engine options, gasoline, and a diesel unit. But, since the HR-V was a light vehicle and Honda a very good engine builder, the diesel wasn't a very popular choice.",https://s1.cdn.autoevolution.com/images/gallery/HONDA-HR-V-5DR-5338_10.jpg,131,Silver,112273,40001
76,Honda,HONDA Accord,1981,Gasoline,1.5L CVT (192 HP),CVT Automatic,Unknown,"The first generation of the Honda Accord was released back in the 1976 and it seems that Honda followed the same recipe to win the public’s hearts: affordable and wonderful.The 2020 mid-size sedan was completely redesigned to have an aggressive styling, and the biggest role was played by the full LED headlights that were angled towards the center grille. Integrated in the front bumper were also the fog-lamps along with functional side air curtains.It seems that Honda paid great attention to details by placing several chrome inserts along the body of the Accord, inserts that perfectly matched with the nice alloys.The back of the Accord was a clean one, with no trunk lid spoiler. Inside the 2020 model we could find a cozy, classy cabin, mostly due to the nice combination of materials, such as soft leather with wood textures.The powered front seats were both heated and cooled and had 2 memory settings. An 8-inch touchscreen display was available, and it was designed to help the driver see better due to its inclination. The Accord offered wireless charging, USB ports in the front, Apple CarPlay and Android auto and a head-up display.Safety wasn’t left out and the Accord was equipped with the latest safety technology available such as blind spot monitoring, lane keep assist and others.The rear passengers would be happy to sit on the comfortable seats, as well as rest their arms on the soft armrest equipped with cupholders.The only downside for them would’ve been the lack of climate control, USB port and probably the 12V socket.",https://s1.cdn.autoevolution.com/images/gallery/HONDA-Accord-6953_9.jpg,192,Silver,25026,51941
77,Honda,HONDA Accord Sedan US,1981,Gasoline,2.4L i-VTEC 5AT FWD (177 HP),5-speed automatic,Unknown,"The Honda Accord gained customers over time thanks to a very good balance between performance, comfort, and reliability. The 2008 model succeeded to add more features and was improved in every corner.To achieve better comfort, the 2008 Accord took some elements from the Acura premium brand and blend it nicely inside the cabin. The smooth, naturally aspirated engines, offered enough power and decent fuel consumption. The outside look was more refined when compared to its predecessor. The large grille with three horizontal slats design was continued on the sides with the headlights. The ascending lines on the sides made the car look more dynamic. But the overall look wasn't aggressive at all. Inside, there was a lot of inspiration from the Acura. The navigation system, the leather seats, or the good finishes were all part of a complete package. The electrically adjustable front seats had an option for heating. The dual-zone climate control unit was easy to reach and with clear dials. For the infotainment system, the big round knob was placed on the center console, not between the seats as other car manufacturers. For the drivetrain, Honda installed suspension that could give good handling but also good comfort for its occupants. It didn't have adjustable damper settings. The standard transmission for the four-cylinder engines was a  5-speed manual with a 5-speed automatic as an option, while the V6 engines were mated to a 5-speed automatic only.",https://s1.cdn.autoevolution.com/images/gallery/HONDAAccordSedanUS-4026_1.jpg,179,Red,106859,37334
78,Honda,HONDA Accord 4 Doors,1981,Gasoline,2.0 i 5MT (131 HP),5-speed manual,Unknown,"Honda introduced the fifth generation of its successful range Accord in 1993 with different European and American versions.After a successful fourth generation, which was sold with a similar shape in the U.S. and the rest of the world, the fifth generation started to differentiate between European and American market Accords. It was based on the same platform as its predecessor, but with completely new styling. Also, Honda kept some engines from the fourth-generation.On the outside, the long, horizontal headlights were curved and resembled the Honda Prelude front fascia, with a tiny grille where the carmaker couldn't fit the H badge, so it moved it on the hood. From its sides, it looked like a hatchback due to its sloped rear window. Also, from the profile, it was easy to spot the small window behind the rear doors. It was the first time when Honda made the Accord like that.Inside, the carmaker kept the same materials used on the fourth generation and the same seats, but with more headroom for the rear passengers' thanks to the slightly higher greenhouse. The dashboard featured a design with a tilted center console and a rounded instrument cluster in the front. Another improvement was the replacement of the steering wheel that featured a standard airbag for the entire range.Under the hood, Honda installed the same F20 engine family as its predecessor, paired with a 5-speed manual or a 4-speed automatic. The most potent version was a 2.3-liter engine carried over from the third generation Prelude.",https://s1.cdn.autoevolution.com/images/gallery/HONDAAccord4Doors-2978_1.jpg,131,Red,89015,117860
79,Honda,HONDA CRV,1996,Gasoline,1.5L Turbo CVT (190 HP),CVT,SUV (Sports Utility Vehicle),"For over 20 years, the Honda CR-V has been the best-selling crossover in the United States, which is why Honda has decided to gift its fifth generation an extensive mid-cycle facelift for the 2020 model year. Joining the Accord Hybrid and the Inside as the third electrified Honda produced on American soil, the CR-V Hybrid is also the first electrified Honda SUV in its U.S. lineup. Of course, a new hybrid version isn't the only news surrounding the facelifted model.Alongside the new two-motor hybrid electric version there is also a 1.5-liter turbocharged four-cylinder with VTEC technology available on all trim levels. The front and rear styling have received major upgrades as well, while the Honda Sensing active safety system has been made standard on all versions. On the front, the large openings for the fog lights are now integrated in the bumper, while the chrome grille is even more pronounced, making for a more aggressive look. The rear now features new dark-tinted taillights and a new dark chrome treatment for the garnish below the rear glass, while the bumper has been redesigned as well.",https://s1.cdn.autoevolution.com/images/gallery/HONDA-CR-V-6671_6.jpg,190,Blue,134616,67106
80,Honda,HONDA Pilot,2009,Gasoline,3.5L V6 6AT AWD (280 HP),6-speed automatic,SUV (Sports Utility Vehicle),"At the 2015 Chicago Auto Show, Honda showed its biggest SUV: the Pilot. It gave up all the previous design cues and adopted a new styling, which is more fluid, more like its smaller sibling the CR-V, the best sold SUV in the world at the time. The new generation features more premium features, including optional and more efficient LED projector headlights with automatic high-beam technology. Also, it received LED daytime running lights and taillights. For a better look on the road, the Pilot has 20-inch wheels.Since the Pilot is a high-demand car, the manufacturer used premium quality materials throughout the cabin and has added LED lights inside. The passengers can sit on three rows. The second row may be ordered as a three-seat bench or with two individual so-called “captain-seats” on the upper trim level, offering more comfort on the road. On the dashboard, there is a new 8” capacitive touch-screen with navigation system and 3D-rendering of the map for easier recognition of the surrounding area. The Pilot's Display Audio system enables simplified smartphone connectivity making for easier access to all the features and connectivity options of the HondaLink connected-car system. A 9-inch rear entertainment system with DVD and new Blu-Ray disc capability is available.The only engine available is the new 3.5-liter, direct-injected i-VTEC V6 engine with Variable Cylinder Management (VCM) cylinder deactivation technology, which offers 250 hp. The standard transmission is a 6-speed automatic but there is also an option for a 9-speed automatic for the upper trims.",https://s1.cdn.autoevolution.com/images/gallery/HONDA-Pilot-5442_10.jpg,284,Blue,23286,33954
81,Honda,HONDA Civic 5 Doors,1995,Gasoline,1.0L 6MT (129 HP),6-speed manual,Hatchback,"The Civic model has been around since 1972 and could be considered one of the most reliable cars on the market.It’s hard to say anything bad about the new Civic, because it offered so much versatility with the comfortable and roomy interior, high quality materials, power and performance.It was a great car for both town driving and motorways. The 2017 Civic was offered as a sedan, a coupe or a hatchback. The hatchback version came in three available trim levels: Sport, Sport Touring and Type R.The Sport trim level came with 18-inch alloys, foglights, a leather-wrapped steering wheel and shift knob, as well as a 5-inch central display screen, a rearview camera, Bluetooth connectivity and a 4-speaker audio system with an USB port.The Sport Touring came with more features for a more comfortable ride, including LED headlights, automatic wipers, heated seats and an upgraded sound system. The safety package included with the Sport Touring trim level added adaptive cruise control, lane departure warning, forward collision braking with automatic emergency braking and lane departure intervention.In Type R specifications, the Civic wwas at one point the most powerful FWD hot hatch, with its 2.0-liter 4-cylinder engine developing 306 hp. The exterior design was improved with the 20-inch wheels, a big rear wing, adaptive dampers, as well as a specific interior styling. The engine was mated with a 6-speed manual transmission only.",https://s1.cdn.autoevolution.com/images/gallery/HONDA-Civic-5-Doors-5837_11.jpg,129,Black,84574,110317
82,Toyota,TOYOTA Corolla Touring Sports,2018,Hybrid Gasoline,1.8L CVT FWD (140 HP),CVT,Hatchback,"Toyota introduced a facelifted version for the Corolla's twelfth generation in 2022 for the 2023 model year, and that also affected the long roof version, officially known as the Touring Sports.Introduced in 1966, the Japanese vehicle became a worldwide sensation. By 2022, Toyota sold more than fifty-million units of this nameplate. The automaker tried to create a car for everyone and did that better than anyone else. By producing it as a sedan, five-door hatchback, and station wagon, most people could get one to fit their needs. In 2018, Toyota introduced the twelfth generation of this nameplate. Four years later, the carmaker brought the facelifted version, which also affected the station wagon.While it kept a similar front fascia, with the same angry-looking headlights, these were different than the pre-facelifted version and featured bi-LED lights. Also, the bumper featured a broad grille with a trapezoidal shape in the middle. On the lower side, this was flanked by the foglamps' scoops. From its profile, the darkened B- and C-posts, combined with the sloped-down roof line, resembled a shooting brake shape. Finally, at the back, the roof spoiler mounted on the upper side of the raked-forward tailgate amplified the car's sporty look.Inside, the automaker installed new upholstery with a 3D pattern. On the dashboard, the automaker offered an option for a 10.5"" touchscreen mounted in a floating position. Starting from the mid-grade level. The Corolla Touring Sports featured a 12.3"" display for the instrument panel instead of traditional dials and gauges. In the back, the 40/20/40 split-folding bench allowed customers to enlarge the trunk area.Under the hood, the automaker installed a choice of two hybrid drivetrains. Both of them performed better in terms of fuel efficiency and performance than the non-facelifted version.",https://s1.cdn.autoevolution.com/images/gallery/toyota-corolla-touring-sports-2022-7418_8.jpg,98,Grey,138417,43746
83,Toyota,TOYOTA Sequoia,2000,Unknown,V6 i-FORCE MAX 10T AWD (437 HP),10-speed automatic,SUV (Sports Utility Vehicle),"Toyota unveiled the third generation of its largest SUV, the Sequoia, at the beginning of 2022 and built it on the same platform as the rugged Tundra pickup truck.Introduced more than two decades ago, in 2000, the Sequoia heralded Toyota's entry in the same league with the Ford Excursion and Chevrolet Tahoe. In 2007, the Japanese carmaker introduced the second generation of its flagship SUV, apart from the Lexus brand. But it took another 14 years to launch a completely new model.At the front, the car shared the main panels with its pickup-truck sibling, featuring similar headlights and a massive grille. Under the fat bumper, an aluminum-like shield protected the vehicle's underbelly. From the side, the biggest Toyota SUV from its 2022 lineup boasted a straight line that emerged from the hood to the D-pillar in the back. Its enlarged wheel fenders and quarter panels evoked a stronger presence. The carmaker suggested that it might resemble a sumo warrior.Inside, the Sequoia offers room for up to eight passengers on three seat rows in a 2-3-3 configuration, depending on the options. For the interior, Toyota installed a dashboard similar to the Tundra's, albeit it added the trim level in front of the passenger and ambient lighting, depending on the version. In addition, a 14"" touch-screen dominated the upper side of the center stack and provided Apple CarPlay and Android Auto connectivity.Since it was based on the same platform as the Tundra, it featured a fully independent front suspension and a five-link in the back. The drivetrain offered a hybrid system that sends the power to the rear wheels or in all corners, depending on the trim level.",https://s1.cdn.autoevolution.com/images/gallery/toyota-sequoia-2022-7226_28.jpg,437,Grey,91146,45664
84,Toyota,TOYOTA TRD Pro,2000,Gasoline,5.7L V8 VVT-i 6AT (381 HP),6-speed automatic,SUV (Sports Utility Vehicle),"The 2019 TRD Pro was a class leader mid-size truck with a great exterior design, as well as pure off-road capabilities.If you’re wondering what TRD stands for, it is the Toyota Racing Development. Toyota integrated some of the elements of their successful race car into the TRD Pro.The pick-up came with the already well known 3.5-liter V6 engine developing 278 hp. While not a new engine, it proved reliable over the years. The engine was mated to a 6-speed automatic transmission or a 6-speed manual. Users have said that the 6-speed automatic took a while to rev up, probably a trick for a reduced fuel consumption.The exterior design was clean, with clear lines and overall very good looking. Underneath the headlights we could find black fake vents, a small detail that changed the entire fascia if you ask me. The fog-lamps were very small and someone could think they did not do a very good job due to their size, however, they were full LED and lightened up the road.The big front grille was refreshed and included a modified badge; the letters of “Toyota” were spaced out. The aggressive presence of the TRD was also completed with the hood scoop pumping out of the hood.",https://s1.cdn.autoevolution.com/images/gallery/TOYOTA-TRD-Pro-6799_16.jpg,381,Black,38108,34457
85,Toyota,TOYOTA Corolla EU,1992,Hybrid Gasoline,1.8L CVT FWD (140 HP),Unknown,Unknown,"Toyota refreshed the twelfth generation of the Corolla in 2022 for the European market and continued to offer it in three shapes, including the four-door sedan.After almost six decades since the nameplate's introduction, the Corolla was the best-selling car in the world, with more than fifty-million units delivered. The automaker tried to create a car for everyone and did that better than anyone else. By producing it as a sedan, five-door hatchback, and station wagon, most people could get one to fit their needs. In 2018, Toyota introduced the twelfth generation of this nameplate. Come 2022, and the automaker launched a facelifted version of it.While it kept a similar front fascia, with the same angry-looking headlights, these were different than the pre-facelifted version and featured bi-LED lights. Also, the bumper featured a broad grille with a trapezoidal shape in the middle. On the lower side, this was flanked by the foglamps' scoops. The sedan-shaped Corolla featured the same ascending beltline on its bodywork, with the raked-forward rear windscreen. To create a premium look for the car, Toyota kept the chromed trims around the windows.Inside, the automaker installed new upholstery with a 3D pattern. On the dashboard, the automaker offered an option for a 10.5"" touchscreen mounted in a floating position. Starting from the mid-grade level. The Corolla sedan featured a 12.3"" display for the instrument panel instead of traditional dials and gauges. In the back, there was limited room for three adults due to the lower roof line, but still, it was enough for two grown-ups or three children.Under the hood, the automaker installed a choice of two hybrid drivetrains. Both of them performed better in terms of fuel efficiency and performance than the non-facelifted version.",https://s1.cdn.autoevolution.com/images/gallery/toyota-corolla-eu-2022-7422_8.jpg,0,Blue,102650,18884
86,Toyota,TOYOTA Corolla Sedan US,1992,Gasoline,1.8L CVTi-S (139 HP),CVTi-S,Unknown,"The best selling car nameplate in history, the Toyota Corolla has arrived at its 12th generation since it was launched. With over 46 million Corollas sold worldwide since 1966, you can safely say it's Toyota's most successful model as well, which makes the new model a very important addition to Toyota's modern stable.Just like its hatchback brethren, which was unveiled earlier in 2018, the 2019 Toyota Corolla Sedan in U.S. guise is based on the Toyota New Global Architecture (TNGA), which puts the compact sedan's focus on comfort and refinement while also bringing some much needed sportiness from the Corolla hatchback into the mix. The L, LE, and XLE trim levels will still use the 1.8-liter four-cylinder found in the previous generation, but Toyota has improved the engine's overall output and fuel efficiency. The higher XSE and SE trim levels benefit from and all-new 2.0-liter four-cylinder with direct injection, somewhat humorously called the ""Dynamic-Force,"" with 169 horsepower and 151 lb-ft of torque.",https://s1.cdn.autoevolution.com/images/gallery/TOYOTA-Corolla-Sedan--US--6443_9.jpg,139,Black,87763,54986
87,Toyota,TOYOTA Corolla Sedan,1992,Gasoline,1.4L VVTi 5MT (97 HP),5-speed manual,Unknown,"Toyota introduced the ninth generation of the Corolla in Europe in 2002, and it tried to be the same decent car with decent running costs as before.The Corolla was one of the best-selling cars in the world. The Japanese carmaker proved the vehicle's reliability, which helped the sales, despite its bland styling or hard plastic materials.They say to not judge a book by its covers and the Corolla was a fine example of that. Its headlights had nothing special in their styling. A black grille adorned at the top with a chromed slat, and the manufacturer's badge was the only bright spot of the front fascia. Its straight, horizontal lines from the bumper showed no dynamism whatsoever. But the bland design went further from its profile, where the Sedan version showed that sometimes the designers should go out from their offices seeking some inspiration.Inside, Toyota installed hard plastic materials on the door panels and dashboard for all three trim levels. The base model, Earth, featured a simple air-conditioning system, front power windows, mirrors, and locks. The middle trim level, Luna (moon), provided power windows for the rear passengers and a better sound system. For the full-options version, named Sun, the carmaker, installed leather upholstery, steering wheel, and gear-stick. All versions were good to carry four adults, with a smaller, narrower place for a child in the middle of the rear bench.Under the hood, Toyota offered a choice of two gasoline and one turbo-diesel engine. For the 110 hp, 1.6-liter unit, the carmaker provided an option for a four-speed automatic gearbox.",https://s1.cdn.autoevolution.com/images/gallery/TOYOTACorollaSedan-630_1.jpg,97,Red,73604,62150
88,Toyota,TOYOTA Corolla US,1992,Gasoline,1.8L GLi 5MT (135 HP),5-speed manual,Unknown,"Toyota introduced the ninth generation of the Corolla in Japan in 2000, but it took the carmakers two years to bring it in the U.S.The Corolla was already the best-selling nameplate among passenger cars in the world. Its key-elements were simplicity and reliability. It was a very user-friendly vehicle. The 2002 Corolla tried to get rid of the older jokes regarding its performances, and the Toyota's designers managed to give the car a better look.The 2002 Corolla was not that bland anymore. Its angled headlights with clear lenses and the sportier-looking front bumper made it compete better with other Japanese carmakers. The carmaker offered the Corolla with side-skirts and a small wing on the trunk lid on the upper trim levels. While it didn't look as sporty as it tried, it looked sportier than the rest of its siblings.Inside, a three-spoke steering wheel and some wood-trims on the dash made the Corolla looks a little bit upmarket, even though it wasn't. The curved lines and the taller center console divided the front area into two. The carmaker installed white dials inside the instrument cluster for the sport trim-level and replaced the wood-trims with black plastic.Under the hood, Toyota installed a new engine with a variable valve timing system that brought more power to the 1.8-liter four-pot. While the base version provided 135 hp from a non-VVTi unit, the top of the range featured a 164 hp mill to bring more joy for the driver.",https://s1.cdn.autoevolution.com/images/gallery/TOYOTACorolla-USVersion--673_1.jpg,137,Blue,22198,31903
89,Toyota,TOYOTA Prius,1997,Plug-in Hybrid,2.0L PHEV CVT (223 HP),Unknown,Hatchback,"Toyota unveiled the fifth generation of the Prius in late 2022, and the Japanese automaker finally focused more on the car's design, creating a better-looking vehicle.With a drag coefficient of just 0.26, the 2023 Prius boasted a sleek look with a bold front fascia that featured C-shaped daytime running lights while the headlights were placed underneath them. The profile revealed a raked windshield that could suit better on a sports car. It was continued by an arched roof followed in the back by a sloped rear windscreen in a Kammback-style with a tall rear end. Dropping the unpainted plastics in favor of gloss-black elements helped the car's back look better.Like its predecessor, the fifth-generation Prius boasted a high-tech interior. After years of placing the instrument panel in the dashboard's center, Toyota finally moved it in front of the driver in the form of a TFT display. In addition, atop the center stack, the carmaker placed a 12.3"" touchscreen for the infotainment unit, fitted with a volume knob. Yet, that button was placed on the right side. The Prius featured a center console that hosted the transmission lever between the front bucket seats. Yet, the automaker could have done better with a few buttons or a rotary dial. In the back, the car could accommodate three occupants on the split-folding bench. Yet, the headroom was not something to write home about it.The car's underpinnings were based on a new hybrid system that relied on a 2.0-liter Atkinson engine paired with an electric motor for a total output of 194 hp (197 PS) in the FWD version. In addition, Toyota also offered two AWD versions, fitted with a 196 hp (199 PS) or a 220 hp (223 PS) powertrain.",https://s1.cdn.autoevolution.com/images/gallery/toyota-prius-2022-7342_9.jpg,0,Silver,67666,78392
90,Hyundai,HYUNDAI i10,2008,Gasoline,1.0L MPI 5AT (67 HP),5-speed automatic,Hatchback,"The second generation of the Hyundai i10 was revealed before the 2019 Frankfurt Motor Show. While the first generation lacked some equipment and amenities even for a car from its segment, the second generation came to fix that.The super-mini car segment in Europe was important especially in crowded cities and traffic jams that often led to grid-locks. Considering this, there was a real need for vehicles that could offer a small fuel consumption, enough comfort, and a small price. The Hyundai i10 was an important vehicle for the Korean brand since it was on top of their sales in Europe. The 2019 model was designed, developed and made in Europe. The front aggressive look of the car was complemented with newly designed light-alloy-wheels, which were offered as an option. Some interesting details could be noticed in the rear side of the car, on the C-pillars where the i10 logo was embossed on the outer plastic trim. The same i10 was visible on the taillights, like the one found on premium vehicles. In the back, depending on the options, there was a splitter and no visible exhaust pipe.Since the wheelbases have been extended when compared with its predecessor, the 2019 i10 offered more room inside. It also featured more amenities such as an 8” infotainment display with a navigation system, that was offered as an option, automatic climate control, heated seats and steering wheel.For the drivetrain there were two choices: a 1.0-liter and a 1.2-liter engine. The former was available also in a turbocharged version. The standard transmission was a 5-speed manual, but a 5-speed automatic was available.",https://s1.cdn.autoevolution.com/images/gallery/HYUNDAI-i10-6656_10.jpg,67,Blue,15085,107662
91,Hyundai,HYUNDAI Grand i10,2008,Gasoline,1.2 VTVT 5MT (83 HP),5 speed manual,Hatchback,"Facing stiff competition against other local carmakers, such as the Maruti Suzuki and Tata Motors, the Korean carmaker had to adapt and improve the i10. It added 40 mm (1.6"") to the wheelbase and used them to increase the interior space for the rear passengers.The car's front fascia was identical to the Indian version of the i10. It featured a hexagonal-shaped grille in the bumper flanked on the sides by two side scoops, where the carmaker offered a pair of fog lights as an option. Its swept-back headlights sported a clear lens for the turn signals and orange bulbs. From its sides, the sculptured door panels were adorned with black plastic moldings and silver door handles. Its rear doors were longer than on the regular i10, thus providing an easier ingress and egress to the car.Hyundai took care of the i10 Grand interior and placed a dual-tone dashboard with a black center stack. Since it was a low-budged vehicle, it didn't install an infotainment unit but offered a CD stereo with Bluetooth connectivity. An automatic climate control system was offered as an option. It's flat front seats featured only a few adjustments, while the rear seat passengers were spoiled with additional legroom. It was still not enough for long journeys, but it was good enough for average-sized people, thanks to the tall greenhouse.Under the hood, Hyundai installed a choice of CNG, gasoline, and turbo-diesel engines ranged between 71 hp (the oil-burner) and 83 hp.",https://s1.cdn.autoevolution.com/images/gallery/HYUNDAI-i10-4931_1.jpg,83,White,145472,43336
92,Hyundai,HYUNDAI Sonata,1989,Gasoline,1.6L T-GDI 8AT (180 HP),8-speed automatic,Unknown,"This is the eight Sonata from Hyundai. It sounds just about right, maybe with a few notes on and off the musical stave. The look, the options and some of its new features are great. But some ideas might be wrong.Hyundai doesn't look too concerned if they will lose some customers aged over 40 or 50 years old. Their bet is for the younger drivers and this is why they designed the 2020 Sonata with a sportier look and a lower stance on the road.Total length has been increased compared to the previous generation by 45 mm (1 in) reaching a total of 4.9 m (192.9 in). The roofline is sloped toward the rear, giving the Sonata a sports-coupe look.On the interior, the Sonata has been reworked extensively, adding a touch of luxury and a spice of modernism due to its Bose infotainment system equipped to pair with Android Auto and Apple CarPlay. But the redesigned steering wheel looks like it plays a different song than the rest of this Sonata, with a weird-looking 4-spoke design.Under the hood, though, the engine department didn't play the right note since they are offering only two engine choices. Both of them are four-bangers: one is a 2.5-liter naturally aspirated, which offers 191 HP, and the other is a 1.6-liter turbo with 180 HP. For the transmission, Hyundai offers an 8-speed automatic version for the 1.6-liter.",https://s1.cdn.autoevolution.com/images/gallery/HYUNDAI-Sonata-6530_2.jpg,180,Black,98553,54820
93,Hyundai,HYUNDAI Sonata i45,1989,Gasoline,2.0L 6AT FWD (165 HP),6-automatic speed,Unknown,"The sixth generation of the Hyundai Sonata showed no rest for the Korean car-manufacture in improving its mid-size sedan representative on the U.S. market. The Sonata fought all the way up to the level of the established mid-size sedans in the American market. It improved every single model it had from generation to generation and it didn't slow down the pace with the 2011 Sonata. It was launched in 2009 in the Korean market and a year later on the North American continent, as a 2011 model.The sixth generation of the Sonata had a totally new design over the previous generation. Its fluid design is a reminiscence of the bio-design era, imagined by Pininfarina in the late '60s. But the Koreans just named it ""fluid design"". Its elongated headlights over the fenders and hood gave a nicer look for the Sonata, a vehicle that didn't have a proper design on some of its previous generations. Inside, the 2011 Sonata features better quality materials and a design inspired by upscale, premium sedans. A new center console and instrument panel borrowed some cues from the Hyundai Veracruz. For the infotainment system, a new touch-scree display with navigation was offered as an option, while the standard was a radio-CD-MP3 player with USB and AUX-in jack.The engine offer started with a 2.4-liter unit, and the top version was a 3.3-liter V6. While the four-cylinder was mated as standard to a 5-speed manual, the V6 featured a 5-speed automatic SHIFTRONIC transmission.",https://s1.cdn.autoevolution.com/images/gallery/HYUNDAISonata-i45-4239_1.jpg,165,Silver,12967,42898
94,Hyundai,HYUNDAI Kona Electric US,2018,Electric,Performance 48.6-kWh (133 HP),1-Speed automatic,SUV (Sports Utility Vehicle),"Hyundai revealed the second generation of the Kona Electric for the U.S. market in the spring of 2023 at NYIAS, and even though it was closely related to its European cousin, it was slightly different.The second iteration of Hyundai's B-segment SUV followed logically after the first generation of the Kona, the Ioniq5, and the Ioniq6 tested the market. But it placed more focus on the design language than its predecessor did. As a result, this 2024 Kona looks like a proper EV rather than a modified ICE-powered vehicle.On the car's front fascia, Hyundai's design team placed a horizontal LED strip, creating a signature lightning for the Korean brand. It was also present on the 2024 Sonata. There was no grille since there was no need for that, but still, the automaker installed one on the lower part of the bumper to cool the battery pack and flanked it with the headlights. Unlike its European sibling, the U.S. version featured amber blinkers on the corners instead of clear-lense ones. The back of the car looked unusual, with the taillights placed on the outer skirts of the quarter panels.Hyundai created a modern interior for the Kon, with two 12.3"" displays on the dashboard. The one fronting the driver was for the instrument panel, while the one placed atop the center stack was for the infotainment system. In addition, a 12"" HUD offered additional information to the driver, so they didn't need to take their eyes off the road. The vehicle provided enough room for five occupants on short jaunts, but on longer trips, the narrow bench seat in the back was not exactly comfortable for three adults.Hyundai tried to get as many customers as possible, making the 2024 Kona electric available with a choice of two powertrains. The base model featured a lower-powered motor and a smaller battery pack than the top-spec version.",https://s1.cdn.autoevolution.com/images/gallery/hyundai-kona-electric-us-2023-7466_36.jpg,0,Silver,164343,50572
95,Hyundai,HYUNDAI Kona Electric,2018,Electric,39.2 kWh (135 HP),Single gear,SUV (Sports Utility Vehicle),"Hyundai continued its electrification program and introduced an electric version of its crossover utility vehicle Kona in 2018 at the New York Auto Show.The Korean automaker was determined to increase its expertise in the electric-car segment. Thus, in 2018, Hyundai unveiled the Kona. While the lineup was available either with an internal combustion engine only or as a hybrid, the electric version came later. But it was an essential step forward in the automaker's electrification strategy.Since it wasn't designed from the start to be entirely an electric vehicle, the automaker had no other choice than masking the main grille on the front fascia with a decorative panel. It wasn't the most elegant solution, but it worked. Furthermore, to emphasize the car's electric drivetrain, the Kona Electric featured slim LED daytime running lights placed on the upper side of the front fascia. In addition, lower, on the side scoops, the carmaker added the headlights. Last but not least, the air intakes placed lower on the sides of the apron channeled the air around the car to improve aerodynamics.Inside, the Hyundai designers offered enough room for five passengers and a decent 19.2 cu-ft (544 liters) trunk size. The dashboard was simple and featured the navigation screen (available as an option) on top of the center stack. It wasn't the best place, but it was a good start for the Hyundai's electric evolution.The drivetrain consisted of a 201 hp electric motor delivered to the front wheels and fed by a 64 kWh battery pack.",https://s1.cdn.autoevolution.com/images/gallery/HYUNDAI-Kona-Electric-6310_19.jpg,135,White,34138,49375
96,Hyundai,HYUNDAI Palisade,2019,Gasoline,3.8L V6 CVVT 8AT AWD (291 HP),8-speed automatic,SUV (Sports Utility Vehicle),"Hyundai's flagship SUV, the Palisade, received an upgrade in 2022 and improved the vehicle both on the inside and the outside.When Hyundai unveiled the Palisade at the 2018 Los Angeles Auto Show, it offered a feasible alternative to other premium SUVs, at least in terms of features and amenities. But the carmaker didn't stop, and in the first half of 2022, it released a facelifted version, which came with improvements in most areas. Yet, the overall shape was still the same.At the front, the grille was wider and sported a cascading design, as they put it. However, its five horizontal slats and the chromed elements that adorned the front fascia, and the reshaped vertical headlights offered more of an Escalade-like appearance. At the back, the bumper got a new design, with a red stripe crossing it from left to right, above the silver-painted underbody shield.Inside, Hyundai stepped up its game, and the third row offered heating for passengers, a first for the Korean carmaker. Moreover, the second row provided heated and ventilated seats for enhanced comfort. But the carmaker didn't focus only on comfort but also enhanced the safety by offering nine airbags fitted as standard, as compared to seven for its predecessor.Under the hood, Hyundai installed the same 3.8-liter V6 engine that ran in Atkinson Cycle mode for improved fuel efficiency and was paired to the same eight-speed automatic gearbox. Unlike its predecessor, though, it provided a Tow Mode for the electronically controlled all-wheel drive system.",https://s1.cdn.autoevolution.com/images/gallery/hyundai-palisade-2022-7257_32.jpg,291,Black,96174,101058
97,Hyundai,HYUNDAI i30 N,2017,Gasoline,2.0L T-GDI 6MT (250 HP),6-speed manual,Hatchback,"After starting the WRC program, the Korean car-manufacturer Hyundai dared to launch its first hot-hatch on the market in 2018: the i30 N. And it started to gather more attention to it.The Hyundai i30 N tried to compete with the well-known hot-hatches on the market such as the Golf GTI, Civic Type R, and Seat Leon Cupra. Just like the aforementioned models, the i30 N was offered in two versions, the other being the i30 N Performance, which added some valuable features such as the limited-slip differential.From the outside, an untrained eye won't see a difference between a regular i30 and the N version. But a bigger black grille and the red lip under the front apron were different. In the back, the dual exhaust offered a true concert of motorsports sounds, especially when the car was in the sport setting. To complete the image, black rearview mirror cases and black roof-spoiler were added to the car.Inside, the i30 N featured bucket-seats. Even if they were didn't have a Recaro name on them, they offered good lateral support. A transverse bar was added in the trunk between the wheels to stiffen the bodywork. It was removable, just in case someone would want to carry a big item with the fast and nimble i30 N.Under the hood, the i30 was offered with a 2.0-liter turbocharged gasoline engine. In the N-version, it offered 250 hp, while the Performance package added 25 more ponies.",https://s1.cdn.autoevolution.com/images/gallery/HYUNDAI-i30-N-6072_7.jpg,250,Black,57688,80813
98,Kia,KIA Telluride,2019,Gasoline,3.8L V6 GDI 8AT AWD (291 HP),8-speed automatic,SUV (Sports Utility Vehicle),"Kia developed the Telluride, especially for the U.S. market, and unveiled it in 2019 with high hopes for its flagship SUV. But unfortunately, the world pandemic and the chip shortage hurt the sales of this big rig.Come 2022, the Korean carmaker unveiled a facelifted version for the Telluride, bringing more features and an improved design. Moreover, the interior received other upgrades that made it compete against the best premium SUVs on the market. Last but not least, their car was offered with two new trim levels: X-Line and X-Pro.At the front, the carmaker introduced new LED headlights with a vertical design. They flanked the redesigned grille, which featured a fence-like pattern instead of the formerly used hexagonal one. In addition, the new logo took center stage instead of the former oval-shaped badge. Finally, in the lower bumper, in the apron, the carmaker added a pair of fog lights on each side.Inside, the most significant upgrade was for the dashboard. Kia installed as an option two 12.3” screens seamlessly connected; one for the instrument cluster and the other, atop the center stack, for the infotainment unit. The new setup replaced the previously used one that sported a set of 10.3” screens. Moreover, with its improved infotainment unit, the Telluride allowed users to use digital keys installed on their Apple Watches, iPhones, or Samsung Galaxy phones.Under the hood, the same 3.8-liter engine Atkinson Cycle that provided 291 horses paired to an eight-speed automatic transmission. Since it sent all the oomph in all corners, the Telluride, with its four-wheel independent suspension, was not afraid of some off-road expeditions.",https://s1.cdn.autoevolution.com/images/gallery/kia-telluride-2022-7256_21.jpg,291,Silver,142132,20499
99,Kia,KIA Seltos,2019,Gasoline,1.4L T-GDi 6MT (140 HP),6-Speed manual,SUV (Sports Utility Vehicle),"Almost out of the blue, Kia decided to launch a new crossover with no predecessor. The Seltos was revealed at a special event in Delhi, India.The Seltos featured the 3rd generation of the Kia’s Smartstream technology which helped increasing the fuel efficiency and offered low CO2 emissions.Three engine options were available for the Seltos: a turbo 1.6-liter gasoline developing 177 hp, a 2.0-liter gasoline powerplant producing 149 hp and a Diesel engine of 1.6-liter with 136 hp.Depending on the market, the Seltos could be equipped with a 7-speed automatic, a 6-speed automatic or a CVT gearbox.In order to enhance the driving experience, the Seltos was equipped with the DriveMode select system that allowed the drivers to choose between Normal, Eco and Sport driving modes depending on the road conditions or the desired style.The Eco mode was designed to improve the fuel consumption. The Sport mode offered a quicker throttle response. The Normal mode was somewhere in the middle of the Eco and the Sport.The Seltos had a sporty and sophisticated design, with the long hood, the sharp lines and the “tiger nose grille” specific to Kia.The Seltos was equipped with full LED headlights and taillights. LED daytime running lights were also included, as well as LED fog lights for foggy weather.",https://s1.cdn.autoevolution.com/images/gallery/KIA-Seltos-6605_1.jpg,140,Silver,102536,31187
100,Kia,KIA XCeed,2019,Gasoline,1.0L T-GDi (118 HP),Unknown,SUV (Sports Utility Vehicle),"Slotted between the small-sized Kia Stonic and the Niro, the Xceed enlarged the offering for the Ceed lineup by adding a crossover flavor to the already appealing Korean hatchback.Kia considered that it didn't have enough crossovers and SUVs in its lineup and increased the ground clearance of a Ceed hatchback, added some plastic trims around the wheel arches, and called it Xceed. But that was in 2018.Come 2022, Kia refreshed the Ceed lineup, which led to an upgrade for the Xceed as well. The new, facelifted version came with a new grille and LED headlights. At the front, the chromed trim around the main grille emphasized the tiger-nose design theme created by Peter Schreyer for Kia in 2006. Underneath, the bumper sported a second grille fitted with a black mesh grille and flanked by boomerang-shaped trims and a pair of side scoops. From its profile, the Xceed showed a higher ground clearance than its regular hatchback sibling, and a set of black trims adorned the wheel arches. On top of the vehicle, the carmaker added roof rails as standard. The back of the car revealed a new rear apron, with a mix of black and body-color elements but no tailpipes in sight.Inside, Kia updated the infotainment system mounted on top of the center stack in a floating-design position. Inside the instrument cluster, an improved 12.3"" digital instrument cluster provided all the required information for the driver. Depending on the options and packages, the Xceed offered a pair of sports seats at the front, while the 40-20-40 split-folding rear bench was similar for the entire range. That could enlarge the trunk space from a generous 426 liters (15 cu-ft) to an impressive 1,378 liters (48.6 cu-ft).Under the hood, Kia installed a choice of three engines, ranging between 118 hp (120 PS) and 201 hp (204 PS). In addition, a 139 hp (141 PS ) PHEV version was available as well.",https://s1.cdn.autoevolution.com/images/gallery/kia-xceed-2022-7290_15.jpg,118,Grey,31460,118391
101,Kia,KIA Soul,2008,Gasoline,2.0L (145 HP),Unknown,Hatchback,"Kia refreshed the Soul lineup for the 2023 model and unveiled it at the beginning of 2022, boasting a wider choice of trim levels and increasing the safety features.When the Korean carmaker introduced the first generation of the Soul in 2008, it was a surprise on the market. Few people expected that shape from Kia. Moreover, the vehicle appeared during the world financial crisis when the automotive world was badly wounded. And yet, by 2019, the Soul reached its third generation, and it was already available with electric and electrified powertrains. Three years after the model's introduction, the carmaker refreshed the lineup.The front of the vehicle featured the most distinctive visual change of the car. Its narrow headlights and the slim line between them, combined with the broad lower grille on the lower bumper, offered a front fascia that resembled the Star Troopers. The Soul's profile kept the same two-box shape but enhanced with a black area on the C-pillar to give the impression of a floating roof. As expected, all lights (headlights and taillights) sported LEDs.Kia offered the Soul in no less than five trim levels, starting with the LX and going up to the GT-Line Tech level. Apart from the former, all the other versions featured a 10.25"" touchscreen placed atop the center stack. Another improvement was on the safe side, where Kia added Blind Spot Collision Avoidance (BCA) and Rear Cross Collision Avoidance (RCCA) for the base trim level.The biggest surprise was under the hood, where Kia dropped all engines but one. It left the Soul just with the 2.0-liter inline-four that driven the front wheels via an automatic (CVT) transmission.",https://s1.cdn.autoevolution.com/images/gallery/kia-soul-2022-7266_8.jpg,145,Silver,93208,84093
102,Kia,KIA Soul EV,2008,Electric,EV 201 HP (150 Kw),Unknown,Hatchback,"The 2020 Kia Soul EV has evolved from a niche electric car to a downright best-seller. And it evolved to a range of EV-variants for the Soul, even if an electric motor used to be the single option. The 2020 Soul might look like a facelift, but it is a brand new car. The outside is still a two-box body with short overhangs, great for the city's tight parking spots. The front bumper is bigger now, with the headlights smaller and positioned higher, to avoid hitting them during parking. Its overall size still places it in the small-segment category: it's 4195 mm (13.7 ft) long, 1800 mm (5.9 ft) wide and has a height of 1605 mm (5.2 ft). But the biggest changes are on the technical side.There is a new 64 kWh battery installed under the floor, in the middle of the car. Now it is liquid-cooled, which means it can last more and charge faster. On the rear, Kia has finally installed an independent suspension for a better ride and handling. The cabin was improved with a better infotainment unit and a 10.25” screen, which supports Android Auto and Apple CarPlay. To power-up the vehicle there are two options available: 100 kW and 150 kW motors. While the base model is equipped with a smaller, 40 kWh battery, the latter can have the 64 kWh unit and have a bigger range, subsequently.",https://s1.cdn.autoevolution.com/images/gallery/KIA-Soul-EV-6452_11.jpg,201,White,143163,106273
103,Kia,KIA Carnival,2002,Gasoline,3.5L V6 8AT (290 HP),8-speed automatic,Van,"The 2021 Kia Carnival on U.S. soil was the moment when the Korean carmaker placed its new logo onto a vehicle, and that was a large MPV.Minivans were not that much popular as they were in the late '90s, and the SUVs were the keys to success. Kia took a different approach and designed an MPV like an SUV or the other way around. The Carnival/Sedona was introduced in late 2020 for other markets with the older, oval logo, while for the U.S. premiere, it brought it with the new one with stylized lettering that could be read as KIA or, with Russian letters, as KI.The 2021 Carnival/Sedona looked like an SUV with rear sliding doors and a lower ground clearance. Its distinct, two-box bodywork featured a hood almost parallel to the ground, like most big-sized SUVs such as the 2017 Ford Expedition or the 2020 Chevrolet Tahoe. Its very long rear sliding doors and the raked forward C-pillar were a new design pattern for the Korean MPV.Inside, Kia arranged up to three rows of seats for eight occupants. The middle seats from the second row could slide and be tilted for more comfort, while the middle seat could have been completely removed for easier access to the third row. Kia installed a pair of wide seats and a premium-looking dashboard with wood, leather, and metallic trims at the front. Depending on the trim level, the Carnival/Sedona featured analog dials for the instrument panel or a TFT display. Kia installed a wide touch-screen on top of the center stack for the infotainment unit.Kia installed a choice of two engines in the Carnival/Sedona, depending on the market. Its 3.5-liter V-6 was available on all the markets, while the turbo-diesel was not. The carmaker paired both versions to an 8-speed automatic transmission that sent the power to the front wheels.",https://s1.cdn.autoevolution.com/images/gallery/kia-carnival-2021-7031_47.jpg,290,Black,25654,49118
104,Kia,KIA CarnivalSedona,2002,Gasoline,3.3L 6AT (280 HP),6-Speed automatic,Van,"Kia introduced the third generation of its MPV Carnival/Sedona at the 2014 New York Auto Show, and it was a significant departure from its previous design.The Korean carmaker introduced the Carnival MPV in 1998, and, apart from the Australian market, it wasn't a big hit. But Kia learned what to offer, and its sales started to pick-up after it improved the model. It improved the vehicle in all the areas: exterior, interior, and drivetrain. When it reached the third generation, it was no longer an insignificant player in the minivan segment.After Peter Schreyer took-over the design department of the Korean carmaker, things went better and better. The car featured a crossover-utility-vehicle (CUV) stance. It was inspired by the European design trends and built on the Sorento platform. Its angular-looking headlights with LED parking and foglights offered a bold look for the car. The 3D grille design with the ""tiger-nose"" theme was already a brand image, and it matched well on the Carnival/Sedona's look. From its sides, the designer concealed its length by a raised beltline over the rear wheels. A pair of power-sliding doors allowed easy access to the middle and rear seats.Inside, the carmaker made room for up to seven passengers, or six, when the middle row featured a pair of captain seats. The last row provided the convenience of a split-folding 60/40 in-floor retractable design, while the middle seats could have been moved forward to increase the cargo area.Kia offered a wide choice of engines for the Carnival/Sedona, depending on the market. While a 3.3-liter V6 spoiled the North-American customers, the Australians received a 2.2-liter diesel.",https://s1.cdn.autoevolution.com/images/gallery/KIA-Carnival-Sedona-6299_3.jpg,280,Red,11030,41311
105,Kia,KIA CarnivalSedona SWB,2002,Gasoline,2.7L V6 5AT (189 HP) ,5-speed automatic,Van,"Kia introduced the second generation of the Carnival/Sedona in two versions, with a short or a long wheelbase, in late 2005 as a 2006 model.When the families needed more room for children, dogs, bicycles, and toys, they forgot the sedans and turned their eyes to the minivans. These were designed to offer comfort and safety for the entire family and were less expensive than the full-size SUVs. The Sedona was a young contender on that market-segment and tried to make a good impression.Both versions featured the same front fascia. Maybe it didn't have the most inspired design, but it was a right. Its triangular-shaped headlights resembled those installed on the Honda CR-V from the second generation, while the profile resembled the Chrysler Town&Country. Thanks to its curved lines, the car didn't look big enough to fit seven adults inside. It looked more like a lifted, taller station-wagon.Inside, Kia opted for a 2-2-3 seat configuration. Thus, it provided a clear passage between the middle-row seats towards the rear bench. Its sliding doors made the ingress and egress easier. For the front seats, the Korean carmaker installed a pair of armchairs separated by a tall center stack. There was no center console, so some could pass the car from side to side with some skilled moves and gymnastics.Under the hood, Kia offered a wide choice of engines depending on the market. While the U.S. customers didn't get the diesel versions, the Europeans didn't have the 3.8-liter option. The only common engine available was the 2.7-liter V6 paired to a 5-speed manual or a 5-speed automatic.",https://s1.cdn.autoevolution.com/images/gallery/KIACarnival-SedonaSWB-3379_3.jpg,189,Red,35862,102942
106,Nissan,NISSAN GTR,1969,Gasoline,3.8L V6 6AT (565 HP),6-speed automatic,Coupé (two-door),"The iconic Nissan GT-R R35 was launched at the Tokyo Motor Show in 2007 as a 2009 model and it received further updates. The 2017 version received a new interior and 20 hp more than before.The Japanese car-manufacturer Nissan built the GT-R name over the years and, in 2007, it showed the R35, which was offered for the first time with both left and right-hand drive. The car was so advanced, that it stole the crown of Nurburgring King from the Porsche 911 Turbo. But the evolution had to continue.The 2017 version was based on the same Nissan Midship Premium platform and its shape was almost the same as 10 years before. The Nissan designers couldn't do something better than that, or they didn't have the budget to do it. But they did what they could to enhance both the look and the performances. For the outside, there was a new front bumper installed, with new air-scoops on the sides and, inside the scoops, there was the DRL. Major improvements were made inside the cabin. The GT-R was meant to be both comfortable and fast. But the luxury was not a key element in the process. In 2016, the designers fixed that. The redesigned cabin featured a premium interior, to fit the high-performance sports car. The dashboard was new, with an instrument panel wrapped in a single, seamless piece of hand-selected Nappa leather. On the center console, the car featured a new 8"" touch-screen infotainment system that could connect to Apple CarPlay.",https://s1.cdn.autoevolution.com/images/gallery/NISSAN-GT-R-5603_6.jpg,8,Red,130488,30013
107,Nissan,NISSAN GTR R35 Facelift,1969,Gasoline,3.8L V6 6AT (530 HP),6-speed automatic,Coupé (two-door),"When Nissan unveiled the car at the Tokyo Auto Show in 2007, the car enthusiast world was set on fire. The look of the car and the on-paper specs were in the super-cars league, but at half the price.The history of the GT-R badge goes back in time to the '60s, when it was used by Prince, a former Japanese name that merged with the Datsun-Nissan. Over time, the cars that wore the Skyline GT-R badges became more and more powerful and with the addition of the ATESSA E-TS all-wheel-drive system, it was even faster.The 2007 GT-R lost the “Skyline” name but it offered the expected performances. It could stay side-by-side with cars like Ferrari F430, Porsche Turbo or Lamborghini Gallardo. In 2011, the facelift brought more power and a better look for the vehicle. The front bumper included the LED daytime running lights and in the rear, a new diffuser was installed to improve the air-flow underneath the car. Bigger wheels with new designs were installed.On the inside, the car-maker improved the material's quality and the infotainment system. Like before, it was used for measuring various car performances and also for the audio and navigation system. The 2011 model featured an iPod connectivity and USB port in addition to the HDD installed. It featured a Bose sound system.The twin-turbo V6 engine was upgraded from 500 hp in 2009 to 530 in 2012 and up to 545 in 2016 But since the engine was hand-built, each car had a different real power. The Nissan stated the least power a car would offer.",https://s1.cdn.autoevolution.com/images/gallery/NISSANGT-R-R35--Facelift-4438_1.jpg,9,Blue,102465,47284
108,Nissan,NISSAN GTR R35,1969,Gasoline,3.8L V6 TT 6AT (480 HP),6-speed automatic,Coupé (two-door),"The GT-R badge was used for the first time in 1969 when Nissan released the 2.0-liter Nissan Skyline. The Nissan GT-R R35 was presented at the Tokyo Motor Show in 2007 and entered the European market one year later.The all new GT-R’s engine was hand-built by only 4 mechanics that were specially trained to do this. The engines were a 6-cylinder twin turbo V6 with 480 hp that rocketed the GT-R to 100 kph in just 3.6 seconds. And guess what, it only took 37 meters for the car to come to a full stop. The car had a top speed of 193 mph.The supercar had a dual-clutch transmission that was based on the Formula 1 technology. The GT-R was offered with an electronically controlled all-wheel-drive.With all its characteristics pointing to a track car, Nissan let the buyers know that the GT-R is suitable for different types of roads and could be driven by anyone due to its automatic transmission, and moreover, it had no problem being in the traffic. It had a reduced fuel consumption if the Race mode was not activated. The exterior design indicated a heavy, muscular car – which was true – but was designed with an extreme attention to every line, and even the side mirrors were built to channel the air to the rear spoiler.A supercar is expected to perform impeccably while high-speed-cornering, but the GT-R was extremely fast in straight lines as well.",https://s1.cdn.autoevolution.com/images/gallery/NISSANGT-R-3701_1.jpg,480,Silver,131313,98132
109,Nissan,NISSAN Skyline GTR VSpec R34,1969,Gasoline,2.6 TT 6MT (280 HP),6-speed manual,Coupé (two-door),"There are not many cars built in Japan that gathered so much attention such as the Nissan Skyline GT-R R34. And the 1999 V-Spec was even better.The Skyline GT-R started its career way back in the '60s. But the real evolution of the model started in 1989 with the introduction of the third-generation R32. That generation saw the introduction of the ATTESA E-TS all-wheel-drive system, which will define the future GT-R models in the future, including the R34.In 1999, Nissan launched the fifth generation of the Skyline GT-R. Right from the beginning, it also introduced the V-Spec version. From the outside, it had some specific details. There were more air-intakes in the front bumper then were the extracting air-scoops on the hood and in the upper back of the front fenders. The widened body with flared fenders was part of the Nissan GT-R design cult. In the rear, on the trunk, there was a carbon-fiber adjustable wing. A carbon-fiber diffuser was installed in the back. For the cars imported in the U.K., full underbody diffusers were installed.Inside, there were two bucket-seats in the front with high bolstered sides. In the rear, there were two seats installed. The special TFT screen on top of the center console was showing various car statuses such as the boost pressure, G-Force (for acceleration, braking and side). The V-Spec added the temperature for the intake and exhaust gas.From the performance point of view, the ATESSA E-TS Pro system was different than on the other GT-R versions. The limited-slip differential in the back was electronically controlled to improve traction, unlike the mechanical differential on the GT-R. The V-Spec also had a firmer suspension than the regular version.",https://s1.cdn.autoevolution.com/images/gallery/NISSAN-Skyline-GT-R-V-Spec--R34--4041_8.jpg,280,White,153099,50698
110,Nissan,NISSAN GTR Nismo,2014,Gasoline,3.8L V6 6AT 4WD (600 HP),GR6 dual clutch,Coupé (two-door),"After almost more than 15 years on the market, the GT-R received another upgrade, and the 2024 model year was unveiled at the 2023 Tokyo Auto Show.When the Japanese automaker unveiled the upgraded version, it also showed the top-of-the-range Nismo, which was the most aggressive-looking and powerful. While the GT-R Premium and the T-Spec were designed mostly for daily use, the Nismo received all the bells and whistles for successful track days.Fitted with a new and improved aerodynamic package, the GT-R Nismo managed to keep its drag resistance at the same levels as before, even though it provided increased downforce. Besides the narrower front grille fitted with thinner mesh, the enlarged lower lip, and redesigned canards, the GT-R Nismo also featured a 10% wider wing at the back. Furthermore, to complement the car's aggressive look, a set of 20"" light alloy wheels with semi-slick tires were fitted on the car.Inside, the automaker walked that extra mile to provide a better-looking and sportier interior. While the 2007 GT-R was fitted with high-bolstered bucket seats, the 2024 Nismo version came with carbon-fiber sports seats at the front. In addition, the Nappa-wrapped dashboard reduced reflections and glare, improving the driver's visibility. Atop the center stack, Nissan installed an 8"" infotainment unit that featured Apple CarPlay. In addition, for specific markets, it also featured satellite radio. To further enhance the sound, Nissan worked together with Bose for the 11-speaker system.Unlike its siblings, the Nismo version received a more powerful version of the same 3.8-liter twin-turbocharged V6. As a result, it offered 600 hp (608 PS). Still, the gearbox was the same six-speed dual-clutch system that sent the power in all corners via the ATTESA ET-S all-wheel-drive system.",https://s1.cdn.autoevolution.com/images/gallery/nissan-gt-r-nismo-2023-7366_7.jpg,600,Blue,31554,113177
111,Nissan,NISSAN GTR R35 Nismo,2014,Gasoline,3.8L V6 6AT (600 HP),6-speed automatic,Coupé (two-door),"The mighty Nissan Skyline had one thing to prove: a record lap-time on the Nurburgring. And it did it with the 2014 Nismo version in 7m08s679.Since its introduction to the market in December 2007, the Nissan GT-R was constantly upgraded to offer more performance. The Nissmo version was like a factory-tuned model. Nissmo was for Nissan what AMG was for Mercedes-Benz. Their racing experience paid off.Sharing the same overall look like the 2011 facelift model-year, the Nissmo version was modified. A new set of 20” light-alloy wheels with a special design were installed on the car. Bigger vents on top of the front fenders and on the hood were installed for the aerodynamic purpose. The new front splitter with carbon-fiber air intakes and the trunk-lid made out of carbon-fiber were part of the package. As a final touch, the rear wing was carbon-fiber too. The whole car meant business.Inside, the Nismo version featured special seats with red and black colors on it. There were some subtle changes to the Bose sound system, which removed one unit used for active noise control.Under the hood, there was a pair of new turbochargers taken from the GT3 race-car. With all the weight reduction applied and the improved engine, the total power output grew to 600 hp. And the result was the fastest time for a volume production vehicle.",https://s1.cdn.autoevolution.com/images/gallery/NISSAN-GT-R--R35--Nismo-5327_25.jpg,600,White,114338,114699
112,Nissan,NISSAN XTrail,2001,Gasoline,2.5L 16V CVT (184 HP),CVT,SUV (Sports Utility Vehicle),"Nissan introduced the fourth generation of its crossover X-Trail at the 2021 Auto Shanghai in China, and it was more of a revolution in the car's history.Based on the CMF-C platform shared with Nissan Qashqai and the 2022 Mitsubishi Outlander, the X-Trail, also known as the Rogue on the U.S. market, offered big changes on the exterior, interior, and drivetrain. Moreover, it had completely abandoned the turbo-diesel engines from its offer.The front fascia of the 2022 X-Trail featured the same design-signature V-shape chromed trim included on the radiator's grille. On the sides, it was flanked by new LED headlamps, with an upper lamp for the parking lights and blinkers, while the lower ones served as headlights. The bumper sported a pair of side scoops that channeled the air on the car's sides, while on the lower area, it featured a broad grille. From its profile, the X-Trail was surprised with its D-pillar's shape and the raked-forward rear windscreen.Inside, Nissan tried to create a premium atmosphere for its customers. Gone was the analog instrument panel, replaced by a TFT, while atop the center stack, it placed a 12.3"" infotainment display. In addition, the carmaker offered the 2022 X-Trail with up to seven seats inside, with an option for two jump-seats in the trunk area.Under the hood, Nissan offered just a choice of two drivetrains, both hybrid. The carmaker produced the fourth generation of the X-Trail, either with a front or an all-wheel drive system.",https://s1.cdn.autoevolution.com/images/gallery/nissan-x-trail-2022-7304_31.jpg,184,Blue,83567,97611
113,Nissan,NISSAN XTrail T32,2001,Gasoline,1.3L DIG-T 7AT (159 HP),7-speed automatic DCT,SUV (Sports Utility Vehicle),"The third generation of the X-Trail was launched in 2013 and, by 2017, some of its features were considered outdated. But after its mid-life cycle refresh, it was just as good as its rivals, if not better.With over half of century of experience in off-road vehicles and some of the best SUVs in the world, Nissan considered that it was about time to show its muscles. The new wave of Korean and German SUVs tried to steal its glory. So, the Japanese car-maker decided to step ahead with a new smile.It wasn't exactly a smile, but an aggressive grin on the newly designed front fascia. If the non-facelifted version featured a simpler layout with somehow angled and clear-cut headlights, the facelift added a chromed element on the grille. It looked as if a knight just put on its steel helmet. From the side, the muscular lines and sculptured door panels amplified that warrior look.Inside, the adaptive cruise control, the curved dashboard was kept but enhanced in the instrument cluster with a color display between the dials. Depending on the trim level, it was available with front and rear heated seats.Under the hood, the 2017 X-Trail was offered with a choice of two gasoline and one diesel engine. It was mated to a 6 speed manual on the base model, while the top trim levels were fitted with the X-Tronic, automatic (CVT) gearbox.",https://s1.cdn.autoevolution.com/images/gallery/NISSAN-X-Trail-6018_14.jpg,159,Black,46910,32386
114,Mazda,MAZDA 2,2002,Gasoline,1.5L SKYACTIV-G 6AT (90 HP),6-Speed manual,Hatchback,"One of Japan's favorite superminis, the fourth generation of the Mazda Demio (also known as the Mazda2) was first released in 2014 and got a new makeover in 2019. It now looks fresher, however, not only the exterior design was updated, but some technical features as well. The hatchback's front and rear bumpers, front grille and headlights were updated to create a premium quality appearance.New color schemes are available for the cabin and new leather filling to reinforce the visual and tactile quality.The cabin's quietness was enhanced – the sound entering the cabin is now reduced and is definitely more pleasant for driver and passengers to communicate. The driving position was modified so that it maintains the spine's natural curve, which is the best sitting posture.The hatchback is now equipped with an optional heated steering wheel. This option is excellent during winter and the function deactivates in 30 minutes from the moment it was turned on.For a friendlier user experience, users can easily connect their mobile devices to the HMI (Mazda's Human-Machine Interface) to make calls, send messages, listen to music and get directions – either through Android Auto or Apple CarPlay.Concerning the available powertrains, the customers have 3 gasoline (and gasoline only!) choices: Skyactiv G, 1.5L DOHC 16-valve gasoline engine – 75 PS and 90 PS with a 6-speed manual transmission and a 90PS with a 6-speed automatic gearbox. Safety features on this car include Advanced Smart City Brake Support, pedestrian detection, Lane Keep Assist, Traffic sign recognition and a 360 view monitor with parking sensors (this is available on high grade models). Definitely a nice refresh for Mazda and possibly a future supermini class leader.",https://s1.cdn.autoevolution.com/images/gallery/MAZDA-2-6775_11.jpg,90,Silver,94909,75583
115,Mazda,MAZDA 2 Demio,2002,Gasoline, 1.25L 5MT (75 HP),5-speed manual,Hatchback,"The Mazda 2/Demio was the second generation for the Demio name and it was based on the European Ford Fusion platform. It was the beginning of the cross-over era.While its predecessor, which was launched in 1996, was based on the Mazda's DW platform, the 2002 version was on the DY platform, which was jointly developed with Ford. It was built to accommodate an all-wheel-drive system but to cost less than the previous one and perform better on the road. Depending on the market, the second generation of the Demio was also known as Mazda 2.It was a cross-over between a small car and a light SUV. Its higher ground clearance and the hatchback body style was appealing, especially due to its new front fascia. The headlights style and the grille were inspired by its bigger brother, the Mazda 6. But since there were limitations regarding the body panels, the rest of the car featured a bland-looking beltline and a flat rear end.Inside, the high roof design of the car allowed a generous headroom for the passengers. The steering-wheel had buttons for the stereo system and the overall design was clean. The high seating position and the high mounted rear bench allowed a comfortable ride for four adults. Since the car's width was not that generous, the shoulder room was hardly fit for three adults in the back.For the engine compartment, the car was fitted with a choice of three gasoline and a diesel engine. In Japan, the car was available as a hybrid as well, with an electric motor for the rear axle and a gasoline unit in the front.",https://s1.cdn.autoevolution.com/images/gallery/MAZDA2-Demio-290_1.jpg,75,Red,26455,64712
116,Mazda,MAZDA 3 Axela Sedan,2004,Gasoline,1.5L SKYACTIV-G 6MT (100 HP),6-Speed manual,Unknown,"Revamped in 2016 for the 2017 model year, the third generation of the Mazda3 hatchback, also known as the Axela on its home market, is one of the most old-school cars in the compact segment by far. The main reason for that is not necessarily linked to its sexy exterior design or the level of technology available on the model, but one single feature, releted to what's under the hood. All the gasoline engines present on the third-generation Mazda3 are naturally aspirated, which makes it a unique proposition. Because they haven't followed the general trend of downsizing and turbocharging but use a clever, the engines in the Mazda3 are still responsive and sound great, while the fuel economy is far better than some might expect. The facelifted sedan version is almost identical to its predecessor on the outside, with the G-Vectoring Control (GVC) system and some interior nips and tucks being the main differences between them. The front and rear light units have also been slightly refreshed.",https://s1.cdn.autoevolution.com/images/gallery/MAZDA-3-Sedan-6441_7.jpg,100,Grey,41295,92724
117,Mazda,MAZDA 6 Atenza Sedan,2002,Gasoline, 2.0L Skyactiv-Drive 6AT (165 HP),6-speed automatic,Unknown,"Mazda refreshed the third generation of the 6/Atenza range twice after the initial car launch in 2012 at the Moscow International Automobile Salon.It was the first generation of the Mazda 6 developed without Ford looking over its shoulders, and the Japanese designer Akira Tamatani went wild with it. The Kodo-soul style showed a vehicle that was better fitted in the large sedans than in the mid-size segment. Mazda didn't care about that: all it cared was to have a breathtaking looking flagship sedan, and it had it.The first facelift came in 2014 and showed small differences in the door mirror's turn signals and a few tiny details. In 2018, Mazda designers drastically improved the already beautiful sport sedan with LED headlights and a wider grille that made the car looks lower to the ground. The carmaker included a new set of 17- and 19"" light-alloy wheels in the options list.Inside, Mazda carried over only the steering wheel and a few trim parts from the second-facelift. The climate-control unit looked very similar to the one found in a BMW 3-Series, and it was installed lower on the center stack, just above the center console. The carmaker noticed that it was no longer that relevant; hence it offered an automatic function. An MX5-inspired infotainment display found its place on top of the dashboard. The driver could control it via a rotary knob placed on the center console. For excellent sound quality, Mazda installed a Bose sound system.Under the hood, the Japanese carmaker installed a choice of two gasoline and one diesel engine, offered in a wide power range between 145 hp and 227 hp.",https://s1.cdn.autoevolution.com/images/gallery/MAZDA-6---Atenza-Sedan-6186_7.jpg,165,Silver,80616,40690
118,Mazda,MAZDA 6Atenza Sedan,2002,Gasoline,2.0L 6AT (145 HP),"6 speed, Automatic",Unknown,"After it separated from Ford Motor Company, Mazda pushed hard to create its place on the market, and one of its most outstanding successes was the 6/Atenza sedan that was unveiled at the 2012 Moskow International Automobile Salon.The four-door vehicle followed the lines and the shape of the Takeri concept car shown by Mazda at the 2011 Tokyo Motor Show. It was ages ahead of everything the Japanese automaker ever launched in the mid-size sedan segment. As a result, it was a finalist for the 2013 ""World Car Design of the Year"" award.Penned by Akira Tamatani, the 2012 Mazda 6 sported ample, curved lines on the bodywork, like a flowing river. Its swept-back headlights flanked the broad grille that sported a pentagonal shape, and lower on the bumper, the automaker installed a trapezoidal cooling area flanked by the side scoops for the fog lamps. From its profile, the flared wheel arches were visually extended with sculptured lines on the doors. The greenhouse featured a raked-forward windscreen at the back, and a raised short deck behind it.Inside, the driver fronted a classic instrument cluster with two large analog dials and a TFT display between them. On top of the center console, easy to reach by the driver, there was the infotainment system equipped with a touch-screen display. It could have been upgraded to a Bose premium sound system. The car was fitted as standard with Bluetooth connectivity and cruise control. Thanks to its bolstered front seats, the occupants could stay in place during hard-cornering maneuvers. At the back, the bench was wide enough to accommodate three passengers, yet the sloped-down greenhouse didn't provide too much headroom for taller people.The wide range of engines and transmissions also included an all-wheel-drive system. In addition, the all-wheel independent suspension offered a great level of comfort.",https://s1.cdn.autoevolution.com/images/gallery/MAZDA6-AtenzaSedan-4690_2.jpg,145,Grey,121458,108651
119,Mazda,MAZDA CX3,2015,Gasoline,2.0L SkYACTIVE-G 6MT (150 HP),6-Speed manual,SUV (Sports Utility Vehicle),"Already in its third year, the Mazda CX-3 proved to be a huge success in the small SUV market.For 2018, the CX-3 got an improved exterior design, as well as a better suspension that enhanced the driving experience.Safety was also increased by adding the automatic emergency braking system.For someone looking for a fun to drive, easy to manoeuvre even in the city, the CX-3 was among the top choices.One of the shortcomings that came with the CX-3 was the limited legroom and headroom for the rear passengers, thus, larger families would not have been that delighted by it.Available in three trim levels, the Sport, Touring and the Grand Touring, the CX-3 came with multiple features to satisfy most customers.The sport trim had a great starting price and was greatly equipped, with 16-inch alloy wheels, air-conditioning, cruise control, Bluetooth, a 7-inch touchscreen display, USB, a 6-speaker audio system, a height-adjustable driver seats and a 60/40-split folding rear seat.Moving to the upper Touring trim level, the CX-3 came equipped with bigger 18-inch alloys, heated mirrors, automatic wipers and automatic headlights. The interior was also upgraded with nicer cloth upholstery and even faux leather for the seats. Heated from seats were also included, along with a blind-spot monitoring system and rear cross-traffic alert.The top of the line, the Grand Touring, came with a sunroof, LED lightning for headlights, foglight and foglight,  leather upholstery, a head-up display, shift paddles mounted on the steering wheel and a better 7-speaker premium Bose audio system.",https://s1.cdn.autoevolution.com/images/gallery/MAZDA-CX-3-6298_18.jpg,0,Grey,149870,22756
120,Mazda,MAZDA 3 Axela Hatchback,2004,Gasoline,1.5L SKYACTIV-G 6MT (100 HP),6-Speed manual,Hatchback,"The 2016 Mazda 3 is one of the most important contenders in the compact hatchback market. It has a lot of things to offer and a few things to ask. Its name in the JDM market and China is Axela, but basically, it is the same car. It has a nice, fluid, look, called Kodo design in the Mazda's family. Now, the Mazda 3 has separated itself from the Ford's C platforms and came with its platform that features a McPherson strut up front and a semi-independent system in the rear. But even if they tried their best to make that rear suspension behave good, it is still not an independent suspension.Inside the cabin, there is room for five adult people and the whole atmosphere is kind of relaxing. The infotainment unit is planted on the dashboard like it was installed after the car left the assembly line. It is not that big or small and has decent controls via a rotating knob.Under the hood, Mazda installed a range of four gasoline engines and two turbodiesels. Depending on the market and engine displacement, the 3 can be equipped with a 6-speed manual, a 4-speed automatic or a 6-speed automatic. The latter is offered as standard on the 2.5-liter engine. And that is the version to aim. Or, if you live in Europe, the 1.5-liter turbodiesel is a very decent version. Just don't forget that underneath the car is not an all-wheel independent suspension.",https://s1.cdn.autoevolution.com/images/gallery/MAZDA-3---Axela-Hatchback-6442_7.jpg,100,Silver,27027,88656
121,Mazda,MAZDA CX9,2007,Gasoline,2.5L SKYACTIV-G 6AT (250 HP),6-speed automatic,SUV (Sports Utility Vehicle),"Mazda understood that despite offering a good MPV on the market, the Premacy, the SUVs, and the cross-overs are the future. And it combined these two types of vehicles.Developed on the new Skyactive platform, the 2016 CX-9 was the second generation of the big SUV built by Mazda, mostly for the U.S. market. It combined the look of a sporty SUV, such as the CX5, with a minivan's utility, such as the Premacy. That should've made everyone happy.Designing an SUV with three rows of seats in a package that should look like a regular SUV was never easy, but the Japanese designers did it. The 5 meters (199 in) vehicle disguised the three seats in a usual, BMW X5-like form with flowing lines and a massive front grille that attracted attention more than the third row of side windows and the thick D-pillar. The CX-9 headlights resembled those installed on the Mazda 6 sedan, or those on the CX5 with their slim, curved shape barely seen between the hood and the very tall bumper.Inside, the dashboard resembled the one in the MX5 or the 3, with an infotainment screen placed on top of the panel and a three-dial instrument cluster. The tall center console placed between the front seats inspired the driver to feel like it was a sports car, despite the high seating position. To access the middle and the last row of seats the rear doors were longer than those found on the CX5 model.Under the hood, the CX-9 featured only one engine option, a turbocharged 2.5-liter inline-four unit paired to a 6-speed automatic transmission. Mazda offered the 7-seat SUV either with a front- or all-wheel-drive system.",https://s1.cdn.autoevolution.com/images/gallery/mazda-cx-9-2016-1-6969_10.jpg,250,Blue,109034,44984
122,Volvo,VOLVO XC40 Recharge,2017,Electric,69 KWh (231 HP),1-Speed automatic,SUV (Sports Utility Vehicle),"Volvo introduced the XC40 in 2017 and became an instant hit in the carmaker's portfolio, even though it was offered with internal combustion engines. But that was changed over the years.In 2021, the carmaker introduced a facelift for the crossover and gave the XC40 Recharge an all-electric powertrain.From the outside, the overall shape was kept, but there were some changes here and there. For starters, the grille's place was taken by a curved panel since there was no need for a large cooling area. It was flanked by the two headlights featuring the Thor hammer design for the DRL. As expected, the car received LED lights for everything, thus reducing energy consumption while also improving lighting efficiency. At the back, the flared wheel arches and the specific Volvo taillights remained virtually unchanged. The charging port was mounted on the left rear fender.On the interior, the carmaker understood that it had to offer a premium experience and installed high-quality upholstery. But just to keep the things on the right side, the upholstery was made from sustainable materials and no real-leather skin on the seats or door cards. The center stack sported the infotainment display powered by Android, which promised a better end-user experience.For the drivetrain, Volvo installed an all-electric powertrain fed by a 68 kWh battery pack, which allowed it for a 270 miles (434 km) range.",https://s1.cdn.autoevolution.com/images/gallery/volvo-xc40-recharge-2022-7239_15.jpg,0,White,154892,19585
123,Volvo,VOLVO XC40,2017,Gasoline,1.5L T3 6MT (156 HP),6-Speed manual,SUV (Sports Utility Vehicle),"In 2017, Volvo successfully launched its smallest SUV: the XC40. The Swedish car-manufacturer decided to launch its small SUV in Milan, Italy, considered to be the world's fashion capital. The new model was jointly developed with Geely, the Chinese brand that owns Volvo Car Company. The new Volvo XC40 was the first model on Volvo Cars' new modular vehicle architecture (CMA), which was also used for other new, electrified, vehicles.On the outside, there are some lines that might remember of those found in older Volvo models, with straight lines and flat surfaces. The compact size was important in the battle against its main rivals such as the Audi Q3 or the BMW X3. It was Volvo's intelligent Swedish design that made it look different.Inside, due to an unusually long wheelbase for its compact size, it could accommodate up to five passengers. The dashboard was covered with expensive materials, with a soft touch. The driver got a standard digital display for the instrument cluster and a big, portrait-type, touch-screen for the infotainment system.For the engine compartment, the XC 40 was available from the beginning with three gasoline choices and two diesel. A plug-in hybrid came later, in 2019 and it was followed by a full-electric model afterward. The base trim models featured a 6-speed manual transmission, although on the upper trim levels an automatic was available. Some versions were available with an all-wheel-drive system.",https://s1.cdn.autoevolution.com/images/gallery/VOLVO-XC40-6129_7.jpg,156,Silver,92766,47221
124,Volvo,VOLVO S90,1997,Gasoline,2.0L T4 8AT (190 HP) ,8-speed automatic,Unknown,"The Swedish company introduced a newly refreshed S90 at the beginning of 2020. The main feature introduced by Volvo's flagship vehicle is a mild-hybrid system, which is now available on every engine version. From the outside, the S90 facelift has minor upgrades, visible on the front and rear bumpers and fog lights. Maybe some of the most important exterior upgrades are the taillights, with a new LED signature. On the inside, the Volvo S90 was known for its special audio system signed by Bower&Wilkins, which replicates the sound experience from the Gothenborg concert hall. Also, for better occupant comfort, Volvo installed a new air-cleaner system, with a special PM 2.5 particle sensor, to decrease the amount of particles absorbed inside the cabin. For the engine compartment, Volvo has installed the same 2.0 liter turbo engine with gasoline as before, but offered with different power levels. The base model is called the T6, has 316 hp and and 295 lb-ft (400 Nm) of torque. Also, there is a plug-in hybrid version called the T8, which offers a total power output of 392hp and 640 Nm (472 lb-ft) of torque. For the transmission, the S90 is equipped with an 8-speed automatic transmission for the entire range. Since Sweden is a typical snowy country, the S90 is also offered with an all-wheel-drive system, but only for the top-spec version T8.",https://s1.cdn.autoevolution.com/images/gallery/VOLVO-S90-6747_1.jpg,190,Blue,43577,88632
125,Volvo,VOLVO V90,1997,Gasoline,2.0L T4 8AT (190 HP) ,8-speed automatic,"Wagon (station wagon, estate, combi, touring)","In 2020 Volvo refreshed its upper class lineup and, besides the S90 and V90 Cross Country, the V90 was refreshed also. Even if it wasn't really necessaryThe most striking detail changed on the V90 is the design of the new taillights. It now includes a LED signature for the sequential turn-light indicator. Other exterior changes include new light-alloy wheel designs and new colors for the bodywork.Inside, Volvo installed two USB-C sockets for the rear seats, instead of the 12v outlets. Maybe this is a downside since most people are still using regular 12v type plugs. For the front occupants there is an option for a wireless charger for phones.The SPA (Scalable Product Architecture) used for the V90 now allows the use of a Bowers & Wilkins audio system, which means that the vehicle will be like a concert hall on wheels. The same platform is responsible for the introduction of the mild-hybrid system with a 48v architecture.Elsewhere in its model range, Volvo Cars is significantly expanding the number of its 48 volt mild-hybrid powertrain options, making these engine options available on every single Volvo model.For the engine range, Volvo installed 4-cylinder diesel or gasoline units, all turbocharged. For diesel, the power ranges between 150 hp and 235 hp, while the gasoline engines offers between 190 hp and 310 hp. The top of the range is the plug-in hybrid model T8, which offers a total output of 390 hp and 640 Nm (472 lb-ft).",https://s1.cdn.autoevolution.com/images/gallery/VOLVO-V90-6748_1.jpg,190,Blue,37876,19421
126,Volvo,VOLVO XC90,2002,Gasoline,2.0L T5 8AT AWD (250 HP),8-speed automatic,SUV (Sports Utility Vehicle),"The refreshed XC90 released in 2019 is a large SUV, a 7-seater perfectly designed for large families. It was spacious, luxurious, simple and sophisticated at the same time.The exterior design hadn’t changed in comparison to the previous version at it didn’t need to, as it was already well thought and definitely beautiful.The Volvo’s attention to details can be recognized in 2019 as well, as even the key was all wrapped in Nappa leather.The interior was very inviting, with a minimalistic design. Depending on the buyer’s taste, the interior trims could be made of wood, aluminum or carbon fiber. All seats are covered in Nappa leather that came in 3 color options.We already said that it is a spacious car and usually an ideal vehicle for large families. The leg and head room in the 2nd seats row ensures a comfortable ride, however, the 3rd seats row not that much. The middle seat in the 2nd row is foldable, to ease the access to the 3rd row.The cargo area is a bit cramped with all the seats unfolded, however, the XC90 offers a 86 cubic feet of room with the seats folded.The on board technology is worth mentioning as well, the car being equipped with a 12.3-inch color instrument cluster which allows a good view over the necessary driving information.Volvo is already known for the safety offered by their vehicles and the XC90 was no exception. It was equipped with automatic emergency braking, adaptive cruise control, lane keeping assist and pilot assist. The pilot assist offers autonomous driving but also requires the driver to be 100% attentive.The XC90’s design was great inside and out, it was simple and elegant.",https://s1.cdn.autoevolution.com/images/gallery/VOLVO-XC90-6792_3.jpg,250,Blue,34367,106949
127,Volvo,VOLVO V90 Cross Country,2016,Gasoline,2.0L T5 AWD 8AT (250 HP),8-speed automatic,"Wagon (station wagon, estate, combi, touring)","The launch of the 2020 S90/V90 couldn't be completed without the 2020 V90 Cross Country variant. It is designed to be used as a luxury vehicle, a people carrier and, in some situations, a station wagon that can climb to a remote lodge on top of a hill, on a twisty, bumpy road. Despite having the same technical platform as the S/V90, the Cross Country version has only traditional internal-combustion engines and no plug-in hybrid was announced, but the existing versions are mild-hybrid. The Volvo V90 Cross Country represents the first electrified variant in the history of the Cross Country range.There are two gasoline versions and two diesel engines ones. All of them are 4-cylinders and turbocharged. The gasoline versions develop 250hp and 310hp, respectively, while the turbodiesel variants offer 190hp and 235 hp, respectively. Only the low-power diesel is available with a 6-speed manual while the others are equipped with an 8-speed automatic. All-wheel-drive is standard on all Cross Country models. For the interior, the V90 Cross Country offers a Bowers and Wilkins sound system tuned after the Gothenburg concert hall. For the rear passengers, Volvo replaced the 12v sockets with USB-C plugs. The cargo area remained the same as for the 2016 version with 560 (19.8 cu.-ft) liters with the rear seats up and up to 1526 liters (53.9 cu.-ft) with the rear seats folded.",https://s1.cdn.autoevolution.com/images/gallery/VOLVO-V90-Cross-Country-6749_1.jpg,250,Grey,23902,104883
128,Volvo,VOLVO S60,2000,Gasoline,2.0L T4 8AT (190 HP),8-speed automatic,Unknown,"The Volvo S60 is as global as a vehicle could be. The brand was from Sweden. Its owners were from China and the assembly plant in the U.S. And it was built for the Premium market. A minimalist design both on the outside and on the inside, a clear brand image with its horizontal T-DRL in the headlights (T was from the Nordic god Thor) and only state-of-the-art engines and features.The outside look is somehow similar to a shrunken S80 with which it shares the same SPA (Scalable Product Architecture). The rear shoulders over the fenders were typical for a Volvo. But it was more than a shorter S80. On the front, the bumper featured big air-scoops in front of the wheels, to cool the brakes. It was a sign of performance. And for most versions, it was true.The interior was a carry-over from the V60. Usually, the station-wagon is launched after the sedan. In this case, the sedan was launched later. On the center console, there was a big infotainment unit touch-screen. The instrument cluster was another TFT display, which could have been configured by the driver to show the information needed, where it was needed.But the biggest philosophy change was under the hood, where the Volvo left all the diesel engines out. Under the hood, there were only turbocharged gasoline engines and, for the top-of-the-range T8, a hybrid system with electric motors.",https://s1.cdn.autoevolution.com/images/gallery/VOLVO-S60-6415_42.jpg,190,Grey,34526,68864
129,Volvo,VOLVO V60,2010,Gasoline,2.0L T4 8AT (190 HP) ,8-speed automatic,"Wagon (station wagon, estate, combi, touring)","Volvo aimed high with the 2018 V60 as a family-friendly vehicle that placed its bets on interior room, safety, and ecology without giving up the performances.After the Ford era, the Swedish carmaker convinced its new owner, Geely Holding Group, to finance them for developing premium vehicles. The result was the Volvo SPA platform, which the carmaker used for the second generation of the XC60 and the S90. In 2018, the V60 showed up with a radical change in design over its predecessor. While the first generation of the V60 looked like a shooting-brake with four doors, the second generation returned to a more formal station wagon shape.The car's exterior featured a new front fascia designed in the Swedish minimalist way. Its clean lines and flat surfaces resembled some IKEA pieces of furniture but sturdier. The profile revealed sculptured doors, body panels, and an ascending beltline towards the car's back raised above the enlarged rear fenders. A set of vertically mounted taillights flanked its tilted-forward tailgate in an already typical Volvo design.Inside, the V60 provided room for five adults. At the front, Volvo installed two bucket seats separated by a square-looking center console. Unlike its predecessor, the dashboard didn't sport the floating center stack. A big, 12.3"", portrait-type touch screen occupied the center stack flanked by a pair of vertical vents. The Sensus infotainment system was unusual for a car segment dominated by floating screens placed in a portrait mode above the center stack. On the rear 40/20/40 split-folding bench, it was room enough for three adults. The V60 provided 529 liters (18.7 cu-ft) of trunk space, expandable to 1,441 liters (50.9 cu-ft), with the rear seats folded down.Under the hood, Volvo installed a choice of four-cylinder engines, turbocharged, both gasoline, and diesel. On top of that, the carmaker added two hybrid versions.",https://s1.cdn.autoevolution.com/images/gallery/VOLVO-V60-6248_1.jpg,190,Silver,24521,47916
130,Lexus,LEXUS RX,1998,Gasoline,350 2.4L 8AT AWD (279 HP),8-speed automatic,SUV (Sports Utility Vehicle),"Lexus introduced the fifth generation of the RX range in 2022, a vehicle that showed a slight improvement in the exterior styling but a more refined interior and improvements in the safety sector.After more than 3,5-million units sold, the RX range was a bestseller in the carmaker's lineup. It did that in two decades across four generations since 1998. It was also at the forefront of the hybrid technology in the SUV segment, paving the way for more electrified vehicles on the market. Lexus built the fifth generation of the RX on the enhanced GA-K platform, which allowed it to offer the vehicle as a gasoline-powered vehicle, a hybrid, and a plug-in hybrid.Even though the car's shape looked virtually unchanged, there were important modifications. It featured a longer wheelbase, a lowered roofline, and an extended hood. At the back, the coupe-like tailgate was raked-forward, emphasized by the blackened part of the C-pillar. In addition, the car's headlights were more horizontal than before and featured triple-LEDs. Moreover, the L-shaped DRLs enhanced the sporty look of the vehicle.The interior featured a 14"" infotainment display placed atop the center stack. Despite the general trend of creating a unitary line of screens with the instrument cluster, Lexus chose differently by installing a classic instrument cluster in front of the driver. Depending on the trim level and options, the car offered a leather-wrapped interior with split-folding rear seats and enough comfort for five adults. Under the hood, Lexus understood that different countries had different needs, so it provided the RX with a turbocharged gasoline engine for the Eastern European market. At the same time, the rest of the world received only the hybrid and plug-in hybrid versions. The latter was a premiere for the RX range.",https://s1.cdn.autoevolution.com/images/gallery/lexus-rx-2022-7277_9.jpg,279,White,171710,99856
131,Lexus,LEXUS NX,2014,Gasoline,250 2.5L 8AT (203 HP),8-speed automatic,SUV (Sports Utility Vehicle),"Lexus unveiled the second generation of the NX in June 2021, and despite its look very similar to its predecessor, it was a completely new vehicle from tip to toe.The NX was the premium sibling of the Toyota Rav4, and they both shared the same TNGA-K platform with the Avalon or the Highlander models built by the same Japanese carmaker. That allowed front or all-wheel-drive systems, gasoline or hybrid power engines, and starting with the 2022 NX, a plug-in hybrid.The 2022 NX featured a new front fascia with a more expansive ""spindle-grille"" design. It wasn't everybody's cup of tea, but it worked well for other vehicles within the Lexus range. It also sported new LED headlights and L-shaped daytime running lights. The door panels and fenders were a mix of curved angular lines and curved areas. At the back, the taillights featured a connecting light strip that ran across the tailgate. Its raked-forward windscreen and C-pillars enhanced the vehicle's dynamic look, while the roof spoiler created an even sportier image.Inside, Lexus installed a 7"" instrument panel named Multi Instrument Display (MID) complemented by a 10"" Head Up Display (HUD) available as an option. The carmaker placed a standard 9.8"" touchscreen above the center stack for the infotainment unit, with an option for a 14"" display. It featured wireless connectivity with Apple CarPlay and Android Auto, enhancing the driver's experience. Lexus kept the physical turn-dials for the volume and climate control unit. The NX provided seating for four with high-bolstered front bucket seats and a bench for two in the back.Under the hood, the compact SUV featured a range of four engines, starting with a 2.5-liter inline-four that replaced the older 2.0-liter unit and went up to a turbocharged and electrified 2.4-liter, 275 hp four-banger.",https://s1.cdn.autoevolution.com/images/gallery/lexus-nx-2021-7126_21.jpg,203,Blue,138185,56588
132,Lexus,LEXUS ES,2002,Gasoline,2..0L,Unknown,Unknown,"Lexus refreshed the seventh generation of the ES range and unveiled it at the 2021 Auto Shanghai, showing fewer exterior changes but more upgrades for the interior and driving dynamics.Ever since its first generation, Lexus tried to catch more customers from Acura's buyers. To convince them, it tried to offer better technologies and more luxurious features. But the carmaker was also obsessed with quality control, and it topped the ranks for the most reliable brand in the world several times. But some of the ES features were outdated, and Lexus tried to fix that with the 2021 model year.On the outside, there were not too many changes. The front fascia still retained a similar spindle design for the grille but with horizontal slats in the background instead of a mesh design. On the sides of its apron, the designers installed smaller side scoops than on its predecessor. Its angular headlights swept-back featured horizontal V-shaped LEDs for the daytime running lights.Inside, the Lexus finally introduced a touch-screen for the infotainment system, but it didn't give up to the touch-pad from the center console. To make the new, standard 8"" displays easier to reach, it moved it forward 4.3 inches (11 cm). A 12.3"" unit was on the options list. The carmaker also added rear-view cameras instead of mirrors, with the screens mounted a the bottom of the A-pillars.Under the hood, Lexus kept the same engines as its non-facelifted version. The F Sport trim level added the ES 300h S SPORT variant for selected markets.",https://s1.cdn.autoevolution.com/images/gallery/lexus-es-2021-7093_7.jpg,0,Red,55244,79015
133,Lexus,LEXUS LX,1996,Gasoline,3.5L V6 10AT (409 HP),10-speed automatic,SUV (Sports Utility Vehicle),"Lexus introduced the fourth generation of the LX in 2021 based on the Toyota Land Cruiser J300 series. It used the same body-on-frame GA-F platform but was heavily enhanced with luxurious amenities that belonged to the premium segment.The 2021 LX was not developed as a new vehicle from the ground up. While it still shared many technical components with the less-expensive Land Cruiser, it featured specific details and assemblies for the premium segment. At the front, it featured the specific Spindle-grille. While that design element looked proper for a sedan or smaller SUV, it resembled a gate, or a wall, when placed on the LX's tall and wide front fascia. It was flanked by a pair of tall scoops, which hosted the LED foglights. But the connection with the Land Cruiser J300 is obvious when viewed from the side due to the same profile. At the back, the LED taillights featured a light strip that ran across the tailgate. A roof spoiler enhanced the car's look, even though it wasn't that much of a use.Available with a five or four-seat layout, the LX's interior was more appropriate for a luxury vehicle than any Land Cruiser. Its instrument panel featured a total of 19.3"" screens. An upper 12.3"" monitor showed the infotainment system, while a lower-mounted 7"" display served as a control panel for the climate control and Multi-Terrain Select command center.Under the hood, Lexus installed a twin-turbo V6 powerplant paired with a ten-speed automatic gearbox. Power went in all four corners, and unlike the third LX's generation, this one featured a longer wheel-travel for both axles. Thus, Toyota confirmed its expertise in the off-road area.",https://s1.cdn.autoevolution.com/images/gallery/lexus-lx-2021-7179_1.jpg,409,White,44053,79266
134,Lexus,LEXUS IS,1998,Gasoline,2.0L 8AT (241 HP),8-speed automatic,Unknown,"Lexus introduced the last update for the third generation of the IS range in 2020. It was a mandatory revamp of its compact sedan, to keep its sales figure up in a harsh market hit by the world pandemic.When Toyota decided to build a car to compete against the BMW 3-Series in 1998, the world looked amused at them. But from the second generation, the IS became a real competitor for the German brand.The last update for the IS brought a new image for the car. The designers installed new headlights and the spindle grille, which was in line with the Lexus range's aesthetic trend. The car was lower and wider than the non-facelifted version, due to its enlarged fenders. On its sides, the IS featured a new design for the sills that amplified the vehicle's muscular profile.Lexus prepared a new infotainment unit for the restyled interior that featured Apple CarPlay and Android Auto connectivity. The 8"" touch-screen was fitted as standard, while a 10.3"" unit was available as an option. Depending on the trim level, Lexus offered sport seats, leather upholstery, or simple, high-quality coth.Lexus offered three engine choices, with either a turbocharged inline-four or two V6 units. The base model featured a rear-wheel-drive architecture while the V6 versions were offered with an all-wheel-drive system and a Torsen limited-slip rear differential. All versions were paired as standard to an 8-speed automatic.",https://s1.cdn.autoevolution.com/images/gallery/LEXUS-IS-6846_20.jpg,241,Blue,19798,81635
135,Lexus,LEXUS IS F,1998,Gasoline,5.0L V8 8AT (422 HP),8-speed direct shift automatic,Unknown,"In September 2013 Lexus announced the introduction of 2014 IS F top performer. With a V8 under the hood and on-track development, the car was a fast, on-road, best.Lexus IS was launched in 1998 and ever since it was the model that constantly received a sport version. It also was the first Lexus model to receive the ""F"" letter for the performance model. When the ISF was introduced, it was meant to compete with the likes of the BMW M3 and the AMG C-Class. From the first look, it was obvious that the F model was not the regular IS. A larger air-intake in the front bumper and side exhaust vents on the front fenders raised suspicions regarding what's beneath the skin. The hood was bumped-up like the horses under the hood were ready to jump out of there. In the rear, there was a discreet lip-spoiler on the trunk, and the quad pipes exhaust that were there for a reason. Inside, there were sport-bucket seats with high bolster support. The lower part of the steering wheel was covered with blue leather and the F-logo The same logo was found on the seats, with contrast stitching. The carbon-fiber decoration on the center console between the front was the final detail that told the difference. Under the hood, there was a 5.0-liter V8 engine. It was mated to an 8-speed automatic gearbox only that allowed manual gearchanges via two paddle shifters behind the steering wheel.",https://s1.cdn.autoevolution.com/images/gallery/LEXUS-IS-F-4722_10.jpg,422,Silver,127206,27076
136,Lexus,LEXUS IS C,1998,Gasoline,250 6AT (204 HP),6-speed automatic,Unknown,"Lexus introduced the open-top version of the IS range at the 2008 Paris Motor Show. Despite the bad timing due to the world financial crisis, it managed to survive until its replacement arrived in 2014.The Japanese carmaker tried to take a slice of the European premium car market. Thus, Lexus tried to hit the competition in the convertible segment with a retractable hard-top vehicle, which neither of its competitors had. And thus, the IS C was born. Unfortunately for Toyota's premium brand, it was bad timing.Lexus' designers made a similar front fascia for the convertible version of the four-door IS, following the new-edge design language with sharp, rounded lines and curved panels. Between the narrowed headlights, the carmaker installed a waterfall-style chromed grille that sported the L-badge in the middle. From its profile, any resemblance between the convertible and the sedan stopped. The retractable hard-top could have been open or closed in just 20 seconds, which was remarkable for a four-seat vehicle. There were no fewer than 15 motors and 35 sensors involved in that movement.The carmaker found a way to squeeze four seats inside the cockpit, even though those placed behind were mostly useless. Due to the retractable roof, the carmaker had to move the back seats forward, leading to minimal legroom for the rear passengers. The dashboard sported the same design as its four-door sibling. Lexus tried to make a stand in the segment and provided the IS C with a leather-wrapped interior. Moreover, it added more features as standard.Under the hood, Lexus installed a choice of two engines, both with six cylinders. They did provide similar power as its main competitors, but there were only two, which didn't help Lexus' sales department.",https://s1.cdn.autoevolution.com/images/gallery/LEXUSISC-4043_1.jpg,207,White,10578,23041
137,Lexus,LEXUS IS Sport Cross,1998,Gasoline,200 6MT (155 HP),6-Speed manual,Unknown,"Lexus rocked the BMW 3 Series and Mercedes-Benz C-Class thrones when it introduced the IS Series in 1998, and then, in 2000, it tried to do the same with their station wagon siblings.Unlike its main rivals, Lexus named the five-door version ""Sport Cross"" since it was halfway between a hatchback and a station wagon. Still, it provided more trunk than its three-box sedan version, but it traded some space for the overall look.From the outside, the IS Sport Cross featured the same front fascia as the four-door version. The big difference was on the sides and rear, where the carmaker extended the roof behind the C-pillars and placed an additional side window. At the back, the IS 200 Sport Cross featured a tailgate enhanced by a roof spoiler mounted on the upper side of the windscreen.Inside, the Sport Cross featured the same chronograph-style instrument panel as its four-door sibling. The speedometer in the middle shared the same dial with the gauges for the ammeter, coolant temperature, and a fuel-efficiency indicator. In the back, the carmaker installed a 60/40 split-folding rear bench. The trunk provided 340 liters (12 cu-ft) of space with all the seats in place and up to 620 liters (21.9 cu-ft) with the bench' seatback folded. To allow longer items, such as skis or snowboards, the carmaker installed a flat-folding front passenger seat, extending the loading length.Under the hood, Lexus provided the Sport Cross exclusively with a 3.0-liter engine. Lexus offered the vehicle a rear-wheel-drive or an all-wheel-drive system. The former version was available with a five-speed automatic, while the latter came fitted with a four-speed.",https://s1.cdn.autoevolution.com/images/gallery/LEXUSISSortCross-3399_2.jpg,155,Black,23558,50635
138,Peugeot,PEUGEOT 508,2010,Gasoline,1.2L PureTech 8AT FWD (130 Hp),8-speed automatic,Unknown,"Peugeot refreshed the second generation of its flagship model, the 508, after five years on the market to boost the car's sales.The French automaker was part of the Stellantis family. It introduced the second generation of the 508 in February 2018. Come 2023, the automaker brought the facelifted version of this lineup. The car was not just another mid-size sedan on the European market; it was a statement that Peugeot targeted higher-profile clients.At the front, the automaker installed a redesigned front grille with a 3D pattern flanked by two LED vertical lines for DRLs. The 508's slim headlights were available with Matrix-LED technology. The car's four-door coupe shape remained unchanged. Finally, at the back, the rear fascia was updated with redesigned taillights that sported three ""fangs"" on them. Inside, the automaker installed a wide 10"" touchscreen for the infotainment system. The front high-bolstered bucket seats provided adequate side support for their occupants, while at the back, the bench was most suitable for two occupants. Thanks to the car's long wheelbase, there was enough legroom for those seated in the back, and the center tunnel was short enough to accommodate a third passenger in the middle for short jaunts. Under the hood, Peugeot launched the vehicle with a choice of turbo-diesel, gasoline, and hybrid powerplants. Besides the six-speed manual versions, the automaker also offered an eight-speed automatic transmission.",https://s1.cdn.autoevolution.com/images/gallery/peugeot-508-2023-7433_1.jpg,130,Red,20332,22443
139,Peugeot,PEUGEOT 508 PSE,2010,Unknown,Unknown,Unknown,Unknown,"Peugeot introduced the 508 PSE in July 2020, not as a facelift but more as a flagship sedan for the French brand. It offered racing technologies for street applications.Peugeot is one of the oldest brands in the motoring industry. Even if it started with coffee mills and bicycles, the French brand made its way into the world, and its name was tightened with victories on various races such as the LeMans, Paris-Dakar, Pike's Peak or the World Rally Championship.The 508 PSE featured a new front fascia, with an LED strip for the daytime running lights that crossed the headlight onto the front bumper. The Kryptonite color (a special gray) was offered exclusively on the PSE range. They used the same color for the three-claws badges on the back and the car's side. The coupe-like shape of the 508 sedan was acclaimed for its beauty and its frameless windows.Inside, the French specialist put the three-claw badge on the bottom of the steering wheel, but in green-lime accents. Another line with the same color crossed the dashboard. The Peugeot i-Cockpit graphic animations and the central 10-inch HD capacitive touchscreen have adopted the division's signature for an even more upscale feel.The powertrain was a significant development. It featured a plug-in hybrid drivetrain that offered 360 hp. The battery pack could recharge in less than two hours from a 7kW wall-box socket or seven hours from a standard home outlet. It featured a 42 km (26 miles) range on EV mode. On top of that, the 508 PSE was all-wheel-drive. The gasoline engine powered the front wheels while the electric motor sent its power to the rear axle.",https://s1.cdn.autoevolution.com/images/gallery/PEUGEOT-508-PSE-6938_1.jpg,0,Grey,36150,25098
140,Peugeot,PEUGEOT 508 Berline,2010,Gasoline,1.6L THP 6AT (156 HP),6-speed automatic,Unknown,"The Peugeot 508 was released in 2010 as a replacement of the Peugeot 407 and the Peugeot 607 altogether, combining a family oriented sedan with a luxurious looking large vehicle. The Peugeot 508 was revealed at the Paris Motor Show and was available as a saloon or a SW estate.Peugeot came with a surprise and released a diesel-electric Hybrid4 model that emitted only 85g/km of CO2.The 508 was the best family saloon the Peugeot had ever done by that time. The design looked striking from any angle and was a complete makeover of the models it replaced.The trunk capacity was a great 512 liters, better than most in the 508’s class. The 508’s trunk could be opened by pressing the 0 button in the “508” badge.Being a family oriented sedan, both headroom and legroom in the back seats was good and the middle seat was comfortable as well due to the transmission’s reduced height in the center.Although a large car, the 508 was easy to drive around town as well due to the very good visibility.Inside the cabin Peugeot used quality materials for the dashboard. The instrument dials were very pleasing and users could use the heads-up display as well to avoid taking their eyes off the road.",https://s1.cdn.autoevolution.com/images/gallery/PEUGEOT508Berline-4395_1.jpg,156,Silver,166721,87954
141,Peugeot,PEUGEOT 508 SW,2010,Gasoline,1.2L PureTech 8AT FWD (130 Hp),8-speed automatic,"Wagon (station wagon, estate, combi, touring)","At the beginning of 2023, Peugeot refreshed its flagship model lineup, the 508, for both versions of it, the sedan and the station wagon, also known as the 508 SW.Peugeot was one of the founders of the Stellantis family thanks to its big sales, and the 508 was one of its most important products. That lineup was introduced in 2018, and five years later, in 2023, it received a well-deserved update. But, apart from the exterior improvements, the car also benefited from some additional upgrades on its interior as well.The car's front was heavily reworked and included a new design for the grille with a 3D pattern flanked by the two fang-like LED daytime running lights. In addition, the car sported new, slimmer headlights that were available with Matrix-LED technology. From its profile, the shooting-brake silhouette was enhanced by the raked-forward tailgate and a discrete roof spoiler above the rear windscreen. Last but not least, Peugeot redesigned the taillights, which sported a three-fang signature light pattern.More upgrades were seen on the inside, where a 10"" touchscreen for the infotainment system replaced the older 8"" unit. Even though the car was a family hauler, it was available with high-bolstered bucket seats at the front, depending on the options. At the back, the same split-folding bench was installed.Under the hood, Peugeot launched the vehicle with a choice of turbo-diesel, gasoline, and hybrid powerplants paired with either six-speed manuals or automatics, depending on the options.",https://s1.cdn.autoevolution.com/images/gallery/peugeot-508-sw-2023-7434_10.jpg,130,Red,90296,99387
142,Peugeot,PEUGEOT 308 SW,2008,Gasoline,1.2L PureTech 6MT (110 HP),6-manual speed,"Wagon (station wagon, estate, combi, touring)","Peugeot charged ahead, and three months after it launched the third generation of the 308 hatchback in March 2021, it introduced the SW version as well.First of all, Peugeot said that the SW letters were from Sports Wagon, not from the station wagon. Just by looking at the car's shape, it might be easier to understand why. The French carmaker traded trunk space for looks and created a design that could bring more friends than foes.The design team took its inspiration from the 3008 crossover SUV with a front fascia that featured LED ""fangs."" Its prominent mesh grille looked more aggressive than any of its predecessors, while the LED headlights peeked under the hood line. The SW's profile revealed a cab-rearward design with raked-forward C-pillars and rear windscreen. Its third side window was sloped-down and created the image of a shooting-brake, despite the four doors.The interior looked like its designers didn't communicate with those who shaped the car's exterior. While the 308 featured long, curved lines on the outside, the minimalist dashboard exposed straight lines, hard edges, and F-117 Stealth style surfaces. The steering wheel was unusually low-mounted compared to the instrument cluster. Its instrument cluster featured a TFT display for the instrument panel and a secondary touch-screen for the infotainment screen. Thanks to the increased wheelbase, the 308 SW provided more rear legroom than the hatchback version. Its 40/20/40 split-bench expanded the trunk space from 608 liters (21.5 cu-ft) to 1,634 liters (58 cu-ft).Under the hood, the carmaker promised a choice of gasoline, turbo-diesel, and hybrid systems that could offer up to 225 hp sent to the front wheels via a six-speed manual or an eight-speed automatic.",https://s1.cdn.autoevolution.com/images/gallery/peugeot-308-sw-2021-7132_7.jpg,110,Silver,166881,106719
143,Peugeot,PEUGEOT 308 SW GT,2008,Gasoline,1.6 THP 6MT (205 HP),6-speed manual,"Wagon (station wagon, estate, combi, touring)","The Peugeot 308 SW GT was the top model of the French carmaker compact-segment station wagon and provided more options than its lesser-equipped siblings.It was difficult for Peugeot's design department to upgrade the 2013 model since its customers highly appreciated it. But the carmaker had to improve the car and keep its customers happy. For them, it made a facelifted version in 2017.From the outside, the most noticeable change was on the full-LED headlights, which were standard on the GT trim level. At the front, a wide grille was installed. Its design was continued on the front bumper. On the sides, the bumper featured two large air scoops. The slightly sloped roof over the trunk area and the low loading height were typical for the 308 SW GT and the SW range.Inside, the 308 SW GT featured a better infotainment system with a touch-screen on top of the center console, integrated into the dashboard. Peugeot developed the navigation system together with TomTom, and it featured live traffic information. Its infotainment unit featured a screen-mirroring function for both Android Auto and Apple CarPlay. Apart from its SW sibling, the GT also featured a head-up display. A set of sportier seats provided better side support for the front occupants, while in the back, a 60/40 split-bench expanded the trunk when folded from 556 liters (19.6 cu-ft) up to 1606 liters (56.7 cu-ft).Under the hood, the carmaker installed the most potent powerplant version it had in the parts-bin that could fit inside the engine compartment: a 1.6-liter turbocharged gasoline unit. It paired it with an eight-speed automatic transmission.",https://s1.cdn.autoevolution.com/images/gallery/PEUGEOT-308-SW-GT-6088_4.jpg,205,Blue,138849,59171
144,Peugeot,PEUGEOT 308,2008,Gasoline,1.2L PureTech 8AT Start & Stop (130 HP),8-speed automatic,Hatchback,"Peugeot introduced the third generation of the 308 hatchback in 2021 with a design that carried over elements from its bigger brothers from the crossover segment.The French carmaker was eager to defeat the Golf at its game and tried to attack the segment differently. It was the first Peugeot to sports the refreshed company logo, which showed a lion head instead of the entire feline.With cues inspired from its award-winning bigger brother 3008, the 308 displayed a front fascia with the vertical LED ""fangs"" on the outer side. It's big mesh-grille looked more aggressive than any of its predecessors, while the LED headlights peeked under the hood line. From its sides, its cab-rearward design inspired a rear-wheel-drive vehicle due to its thick C-pillar and curved roofline. Its sculptured side panels and doors formed a complex aerodynamic flow, reducing the drag-resistance factor. At the back, its taillights formed a long smoked line across the tailgate. Despite the downsize and electrification trends on the market, Peugeot installed fake, chromed exhausts under the apron.The interior looked like its designers didn't communicate with those who shaped the car's exterior. While on the outside, the 308 featured long, curved lines, the minimalist dashboard exposed straight lines, hard edges, and F-117 Stealth style surfaces. The steering wheel was unusually low mounted compared to the instrument cluster. Like its bigger brother 3008, the 308 featured a TFT display for the instrument panel and a secondary touch-screen for the infotainment screen. In the back, Peugeot installed a split-folding bench where three passengers could sit comfortably.Under the hood, the carmaker installed a choice of gasoline, turbo-diesel, and hybrid systems that could offer up to 225 hp sent to the front wheels via a six-speed manual or an eight-speed automatic.",https://s1.cdn.autoevolution.com/images/gallery/peugeot-308-2021-7049_21.jpg,130,Grey,56854,68410
145,Peugeot,PEUGEOT 308 5 Doors,2008,Gasoline,1.2L PureTech 5MT (110 HP),5-speed manual,Hatchback,"The second generation of the compact-sized Peugeot 308 was introduced in 2013 and, four years later, a facelift improved the vehicle with new features and a bolder design.The 2017 Peugeot 308 was an improved version of the second generation of the 308. It was difficult to enhance the model since the 308 was the 2014 “Car of the year” in Europe. But still, there were some ways to improve it.From the outside, the most noticeable change was on the headlights, which received the LED daytime running lights that looked like claws, inspired by the brand's logo, the lion. At the front, a wide grille was installed. Its design was continued on the front bumper. On the sides, the bumper featured two large air scoops. The profile remained the same, but with some touches on the bodywork.Inside, the 308 featured a better infotainment system with a touch-screen on top of the center console, integrated into the dashboard. The navigation system was developed together with TomTom and it featured live traffic information. The infotainment unit featured a screen-mirroring function for both Android Auto and Apple CarPlay. The 5-door version offered enough room for five adult passengers. The EMP2 platform allowed more rear legroom for the passengers.Under the hood, the 308 5-doors. Was offered with diesel and gasoline engines. A newly developed 8-speed automatic gearbox was available for specific engines.",https://s1.cdn.autoevolution.com/images/gallery/PEUGEOT-308-5-Doors-6022_2.jpg,110,Silver,31899,71248
146,Renault,RENAULT Espace,1985,Hybrid Gasoline,1.2L E-TECH (130 HP),Unknown,Van,"The Espace reached its sixth generation in the Spring of 2023, and Renault placed its bets on a daring evolution by transforming the beloved European MPV into a crossover-style people carrier.Sharing its CMF-CD platform with the Austral crossover, the new Espace went to the next level and adopted an SUV stance, leaving behind the minivan shape that made it so special on the European market. But the French automaker took all the right steps to create a vehicle that could successfully replace the successful MPV.While the previous generations of the Espace sported an MPV-like bodywork, the sixth generation was different. It featured a distinct engine compartment and a steeper windshield. The car's front fascia showed the specific, C-shaped, LED daytime running lights that surrounded the outer sides of the headlights. A massive grille with eighteen vertical slats and the broad Renault badge in the middle created a potent image for the vehicle. On the lower side of the bumper, the automaker added a secondary grille flanked by a pair of scoops. The profile revealed a set of enlarged rear fenders that made the SUV look muscular.Inside, Renault offered the option for five or seven seats, the latter being in a 2-3-2 configuration. The automaker installed a pair of screens on the dashboard. The one fronting the driver was a landscape-mounted, 12.3"" TFT display, while the one atop the center stack was a 12"" touchscreen mounted vertically. In addition, the automaker offered an option for a 9.3"" head-up display.Among other attractive features of the CMF-CD modular platform was the all-wheel steering system, named 4CONTROL, which helped the car get a tighter turning radius. In addition, it improved handling at higher speeds.",https://s1.cdn.autoevolution.com/images/gallery/renault-espace-2023-7454_32.jpg,130,Grey,166353,38063
147,Renault,RENAULT Megane RS,1996,Gasoline,1.8L Turbo 7AT (300 HP),7-automatic speed dual clutch,Hatchback,"Renault introduced in 2020 the revised version of the Megane RS with a direct injection 1.8 turbo engine that develops 300 hp (220 kW) and 420 Nm of torque on EDC transmission models. The increased power gives better acceleration and, in tight corners, the agility and stability was greatly improved through the Sport 4CONTROL chassis. More, a new RS monitor displays several vehicle parameters in real time.The exterior and interior design are now even sportier, to meet the expectations of the growing number of customers who desire a dynamic look. Like the entire range, the New Megane RS comes with an integrated 9.3-inch screen and the Renault Easy Link multimedia system, as well as the new 10.2-inch TFT digital speedometer. Also, depending on the country, the New Megane RS is equipped with Lane Departure Warning, adaptive speed control (with Stop & Go on the EDC transmission version) and the Active Emergency Braking System. This last one now features an extension of the advanced emergency braking system for city driving and pedestrian detection.It is safe to say that with these specs, the new Renault Megane RS will continue the success story of the family that was born in 2004 with the introduction of its first generation.",https://s1.cdn.autoevolution.com/images/gallery/RENAULT-Megane-RS-6735_3.jpg,300,Blue,88327,99301
148,Renault,RENAULT Megane RS 5 Doors,1996,Gasoline,1.8 6MT (280 HP),6-speed manual,Hatchback,"The Renault Megane RS was a total surprise when it came to the market and hit the hot-hatch segment with a car that could deliver more performance than the iconic VW Golf GTI. The third generation of the Renault Megane RS came in 5-door version and that was a good thing. While it didn't have the sporty look of a three-door hatchback, it had more practicality. It was based on the mass-volume car Renault Megane and shared the same suspension with that. But a Cup chassis was available as an option and that offered stiffer suspension and a limited-slip differential From the outside, it was easy to identify a Megane as an RS version due to its checker-flag like fog-lights in the front bumper. The front fenders featured flared wheel-arches and side scoops to extract the air from the wheel-well. The rear bumper was specific for the RS. It featured a trapezoidal middle exhaust and a diffuser underneath. On top of the tailgate, there was a roof-spoiler to enhance the aerodynamic. Inside, the RS had Alcantara everywhere: on the dashboard, on the bucket-type seats, and on the door panels. Of course, those were offered as an option. Also, an option was the large, portrait type, infotainment touch-screen display. The standard unit was a 7"" in a landscape mode. For the powertrain, there were two options: either a 280 hp version or a more aggressive 300 hp. Both were available with either a 6-speed manual or a 6-speed automatic dual-clutch with paddle shifters behind the steering wheel. For better handling, it featured a four-wheel steering as standard.",https://s1.cdn.autoevolution.com/images/gallery/RENAULT-Megane-RS-5-Doors-6117_4.jpg,280,Red,146063,108234
149,Renault,RENAULT Megane 5 Doors,1996,Gasoline,1.2L TCe 6MT (100 HP),6-speed manual,Hatchback,"Renault unveiled an all new Megane compact hatchback at the 2015 Frankfurt Auto Show, which is longer, lower and better looking than the previous generation.Built on Renault's Common Module Family (CMF) platform, the 2016 Renault Megane hatchback looks sportier and more elegant than ever. Fluid shapes converge with hard angles to create a wide planted stance as well as a more upmarket feeling. New color choices, rims and other exterior enhancements are on the list as well.The interior adopts a cockpit style, with most of the features being clustered around the driver in an enveloping L-shape. The list of features include better fit and finish, new materials, colors, soft-touch panels, Nappa leather trimmings on higher-end models, a full color head-up display, 7-inch color TFT instrument display as well as an 8.8 inch R-Link 2 touchscreen infotainment system, rearview camera, parking assist and more.Mechanically, the car's stance has been altered, being wider, lower and extending the wheelbase. Drivers can also chose between 5 driving modes to best suit their needs by modifying the gas pedal and engine response, as well as the speed of the gershifts on the dual-clutch automatic transmission.",https://s1.cdn.autoevolution.com/images/gallery/RENAULT-Megane-5-Doors-5549_10.jpg,101,Blue,134251,74764
150,Renault,RENAULT Megane GT 5 Doors,1996,Gasoline,1.6 TCe 7AT (205 HP),7-speed automatic (EDC),Hatchback,"Renault unveiled the fourth generation of the Megane in 2015 at the Frankfurt Motor Show and, besides the rest of the range, it also offered a unique trim level named GT.With an increased demand for hot hatches suitable for family duties, the French automaker understood that it had to come up with something different on the market. Thus, it used the experience of its motorsports department and blended it with some knowledge from the rest of the Megane range.At the front, a daytime running light encircled the headlights, giving the car a distinctive personality. But that was not enough for the French carmaker, and it asked the Renault Sport division from Dieppe to improve the five-door hatchback, who created a new front bumper with a sportier look. In addition, they added a lip spoiler at the bottom that reduced the ground effect. Moreover, they added a pair of scoops on the sides for the fog lamps. A roof spoiler adorned the tailgate and improved the airflow at the back of the car. All design elements were functional and weren't there just for a sportier appearance.The interior continued the idea of a sporty vehicle, with high-bolstered bucket seats for the front occupants and a split-folding bench seat at the back wide enough to fit three passengers. On the center stack, Renault added a big R-Link infotainment system. At the same time, on the center console, a special button marked with a flag started to raise questions about the car's character.The drivetrain was different than the rest of the Megane range. A 4-wheel steering system named 4-control was installed, which helped the car get faster around the corners. The Megane GT featured a standard, 6- or 7-speed automatic (dual-clutch) transmission with paddle shifters (depending on the engine).",https://s1.cdn.autoevolution.com/images/gallery/RENAULT-Megane-GT-5-Doors-5550_15.jpg,205,Black,128286,79321
151,Renault,RENAULT Kangoo,1997,Gasoline,1.3L TCE 6MT (100 HP),6-speed manual,Van,"Nicely blending everyday practicality with reduced ownership costs, the Renault Kangoo was one of the best-selling and in Europe.With the first model launched in 1997, the 2020 Kangoo was the third generation, however, it was based on the Kangoo version launched in 2008.Available as a standard-length van or a long-wheelbase van, the latter was equipped with an optional second row of seats.A special model was also offered, a more rugged Kangoo that was good for a bit of mud with a mechanical slip differential, underbody protection and a higher ground clearance.The regular Kangoo was available in two trim levels, the Business and the Business +.For 2020, the Kango was available with a choice of three different engines and even an all-electric motor that developed 60 hp.The van drove well, with a light and responsive steering, however, the ride was rougher than the ones offered by other models on the market.The cabin offered a decent amount of room, the controls were smartly and intuitively placed, however, it was rather a dull cabin, at least without the 7-inch touchscreen that was available with the R-Link multumedia system.While the base model offered a DAB radio, electric windows and a height-adjustable steering wheel, the Business + trim level added air-conditioning, rear-parking sensors, electric folding mirrors, 15-inch alloys and body colored bumpers.",https://s1.cdn.autoevolution.com/images/gallery/renault-kangoo-2020-6975_3.jpg,100,Silver,54619,35948
152,Renault,RENAULT Kangoo 4x4,1997,Gasoline,1.6L 16V 5MT (95 HP),5-Speed manual,Van,"Renault introduced the Kangoo 4x4 in 2001 and was the only vehicle of its kind on the European market, and in 2006 it was refreshed again along with the rest of its 2WD siblings.While Renault refreshed the normal Kangoo range for the 2005 model, the 4x4 version had to wait a little longer. It was more challenging to make it Euro 4 compliant than the rest of the stable. Its higher ground clearance and all-wheel-drive transmission affected its engine emissions. Due to that, the carmaker had to install only the gasoline engine in it.From the outside, the Kangoo 4x4 was taller than its siblings. Its increased ground clearance and black plastic bumpers and side sills made it look different. The carmaker made it mainly for fleet usage at the start, but private customers became very interested in this product. It was affordable, could cope well with some unpaved roads, and still offered a decent fuel efficiency. Its wide windows and dual sliding doors transformed it into one of the best leisure vehicles on the market. It was a crossover, but a 4x4 one.Inside, it shared its interior with the regular 2WD Kangoo. Since its price tag was higher than the rest of the range, the carmaker installed a standard AC unit and three individual seats for the rear passengers. A big glass roof was on the options list, and it was straightforward to transform its cabin into a sleeping tent.Underneath the Kangoo bodywork, Renault installed a Nissan drivetrain carried over from the Qashqai. Its all-wheel-drive system allowed the driver to lock the center differential. The carmaker had to use the 1.6-liter gasoline engine since it could comply with the Euro 4 emissions on the vehicle.",https://s1.cdn.autoevolution.com/images/gallery/RENAULTKangoo4x4-1945_3.jpg,95,Blue,60302,41199
153,Renault,RENAULT Megane Sedan,1996,Gasoline,1.0L TCe 6MT (115 HP),6-speed manual,Unknown,"Designed as a four-door coupe, but with a reasonable price, the Renault Megane sedan received a facelift in 2020 to prepare it for the 2021 pollution norms.The French carmaker introduced the Megane sedan in 2016, and it sold it in more than 200.000 units since then. It was part of the Megane lineup, which also comprised the 3-door, the 5-door, and the station wagon. Starting with January 2021, all new cars registered in the EU had to comply with the Euro 6d regulations.Since they had to work on the engines and four years already passed since the car was introduced to the market, Renault decided to work on a facelifted version. For the 2020 model, the LED technology was integrated into the car's headlights along with the light-strip for the DRL. The front bumper was reshaped as well, and it featured a more aggressive style with fake side-scoops in the apron and a lower grille with four slats. Another change was the addition of two chromed, fake exhausts under the rear bumper.Inside, the driver was welcomed by a completely new 10.2"" digital instrument panel, which integrated the navigation system along with the other dials needed for regular driving. Next to it, Renault installed a 9.3"" multimedia on the center stack system named Easy Link.Renault offered the Megane Sedan with a 1.0-liter turbocharged gasoline engine as a base model for the drivetrain, which offered 115 hp. The top of the line 1.3-liter four-pot provided 140 hp. For the diesel fans, the French carmaker installed a 1.5-liter dCi powerplant that offered 115 hp. All three engines were paired as standard to a 6-speed manual, while the last two could have been mated to a 7-speed automatic (dual-clutch) gearbox.",https://s1.cdn.autoevolution.com/images/gallery/renault-megane-sedan-2020-6967_1.jpg,115,Blue,134552,40404
154,Opel,OPEL Grandland,2017,Gasoline,1.2i 6MT (130 HP),6-manual speed,SUV (Sports Utility Vehicle),"Opel revealed the refreshed 2021, Grandland crossover built on the same platform as its brother Peugeot 3008 and showed a serious visual upgrade.Sometimes, a carmaker manages to unveil a facelift that looks like a wholly new generation but still calls it a refresh since most of its underpinnings are the same as on the non-facelifted version. That's the case with the 2021 Grandland, which jumped from the modest-looking 2017 model to an exciting 2021 model.Since most customers are looking at a car's front fascia when they want to buy one, Opel designers mainly focused on that area. It kept the same 90 degrees LED daytime running lights pattern but with a sharper look. Its 168 LED headlights (84 per lamp) and black front panel mimicked the face of an electric vehicle. A new grille-mounted in the lower side of the bumper took the cooling job, which sported a 3D pattern and a lower lip spoiler. A pair of vertical air-intakes on the sides gave the crossover a sportier look. At the back, Opel designers look like they lost their appetite for changing and installed slightly redesigned taillights with LEDs and placed wide chromed lettering on the tailgate with the ""Grandland"" word.Inside, there was a new dashboard design with two displays. The touch-screen that sat on top of the center was for the infotainment system, while the up to 10"" LCD in front of the driver served as an instrument panel. Like its predecessor, the seats were certified by the ""Aktion Gesunder Rücken e.V."" (campaign for healthy backs) for their ergonomic shape.Under the hood, Opel carried over drivetrains from Peugeot-Citroen. It also featured a hybrid system that used the internal combustion engine to power the front wheels and an electric motor for the rear axle.",https://s1.cdn.autoevolution.com/images/gallery/opel-grandland-2021-7123_4.jpg,130,Grey,134309,86659
155,Opel,OPEL Grandland X,2017,Gasoline,1.2L 6AT (130 HP),6-speed automatic,SUV (Sports Utility Vehicle),"Opel introduced the Grandland X in 2017 as a replacement for the already old Antara SUV, and it built it under the new PSA management.After GM sold Opel and Vauxhall to the French carmaker Peugeot, the new owner started to dictate its cost-cutting measures. One of them was introducing a new SUV based on the same PSA EMP2 platform as the Peugeot 3008/Citroen C5 Aircross. Unlike the Antara, the Grandland X was no longer all-wheel-drive, but since most European customers bought 2WD SUVs, that wasn't a problem. Yet, if they really wished an all-wheel-drive version, Opel introduced, later on, two hybrid versions.Despite sharing more parts with the Peugeot and Citroen, Opel managed to keep its identity. It featured a pair of swept-back headlights that incorporated the LED daytime running lights with a design that resembled the Insignia. Its black grille with a 3D pattern sported a chromed bar with the Opel badge in the middle, while on the sides, the sculptured doors looked similar to those from the Astra. The car's designers made a floating-roof look at the back, with a D-pillar blackened on its upper side.Inside, the Grandland X featured an analog instrument panel with two wide dials on the sides flanking a TFT screen between them and two gauges on above them. Opel installed a touch-screen infotainment system with screen mirroring, Apple CarPlay, and Android auto depending on the trim level and options. The German carmaker designed the front bucket seats, which provided good comfort, while in the back, the split-folding bench could accommodate three people.Under the hood, Peugeot installed a wide engine range between a fuel-efficient, but sluggish, 1.2-liter turbocharged unit. There were also two turbo-diesel versions and two hybrids.",https://s1.cdn.autoevolution.com/images/gallery/OPEL-Grandland-6132_6.jpg,130,Blue,147287,92977
156,Opel,OPEL Astra,1991,Gasoline,6MT (110 HP),6-manual speed,Hatchback,"Opel opened a new chapter in the Astra book with the sixth generation of its compact hatchback in 2021. This time, the car came under new management after Opel joined Stellantis together with its new owners, PSA (Peugeot-Citroen).Gone were the days when GM was the owner of the Opel-Vauxhall brand, and the new management decided to make some changes to cut costs. Thus, the older Astra platform was replaced by Peugeot's EMP2 platform carried over from Peugeot 308. Also, Astra's sixth-generation was the first to feature a plug-in hybrid version.The 2021 Astra shows the new Opel Vizor front fascia, first seen on the Mokka, as the central exterior design element. It follows the Opel Compass idea where the vertical and horizontal axes intersect with the Opel Blitz badge in the middle. On the lower side of the bumper, the carmaker placed a broad grille flanked on the sides by a pair of scoops for the fog lights. The car's profile revealed an angular shape with an up-kick for the C-pillar, with the A- and B-pillars blacked out. At the back, the extended downwards roof-spoiler resembled the one installed on the Astra GSI (F-Generation). In addition, the car featured LED headlights, taillights, and fog lamps, depending on the trim level and options.Inside, the carmaker installed a digital cockpit with a fully-glazed option. The minimalist design of the dashboard and the clean lines of the center console were part of Opel's design philosophy. As the fifth generation, the 2021 Astra featured a pair of AGR-approved seats that offered a comfortable ride and good support for the occupants. In the back, a split-folding bench provided room for three adults.",https://s1.cdn.autoevolution.com/images/gallery/opel-astra-2021-7134_4.jpg,110,Grey,19869,90295
157,Opel,OPEL Astra 5 Doors,1991,Gasoline,1.0L ECOTEC 5MT (105 HP),5-speed manual,Hatchback,"The seventh generation of the Opel Astra was introduced in 2015 at the Frankfurt Motor Show. It featured a newer, sharper design. It was equipped with the latest technologies available at the moment.The Astra was one of the best-known names in Europe, with over 24 million units sold from its previous generations, including the Kadett. It was a huge success due to its very good price/money factor.The Astra K was shorter than its predecessor. Its exterior design was inspired by the 2013 Monza concept-car. The Opel badge in the center of the chrome bar on the grill and the characteristic ‘blade’ raising towards the rear make the new Astra immediately recognizable as a member of the Opel family. A novelty for its car-segment was the full LED matrix headlights, which were offered as an option.The Astra K featured a shorter wheelbase than the one on the Astra J but it offered 35 mm (1.4”) more legroom for the rear seat occupants. The trunk was decent, offering 371 liters (13.1 cu-ft) of space, that could have been extended by folding the rear seats. The infotainment unit was offered as an option, but it could feature an eight-inch touchscreen on the center console.Mechanically and structurally, the 2015 Opel Astra was 200 kg (441 lbs) lighter than the Astra J. It also was stiffer and came with a revised suspension and steering as well as the latest generation engines in the automaker's stable.",https://s1.cdn.autoevolution.com/images/gallery/OPEL-Astra-5-Doors-5447_5.jpg,105,White,111365,118468
158,Opel,OPEL Astra 5 doors,1991,Gasoline,1.2L 12V 5MT (65 HP),5-speed manual,Hatchback,"The second generation of the Opel Astra was released in 1998. Also known as the Opel Astra G, the model was a big step forward compared to the predecessor Astra F.With the new model, Opel addressed the drawbacks present in first generation and got a new range of engines, as well as updated interior materials.Aesthetically, the Astra G featured bigger headlights at the sides of a refreshed, modern grille. The overall look was more aerodynamic than before, with the radiator grille integrated in the profiled hood.Regardless of the car’s color, it still featured black door handles, while other competitors were offering body-colored ones.The interior was nothing flashy, even if the cabin was fitted with good quality materials. The rather dull interior design was simple and not necessarily inviting, but it did the job.There was enough room for five adults but limited for three in the back.The Astra was offered with a choice of diesel and gasoline engines ranged from 75 hp to 147 hp. Most of them were mated to a 5-speed manual, but a 4-speed automatic was available for selected versions.The Astra gained popularity among taxi drivers, given its great dimensions for passenger transport, as well as the low fuel consumption offered.",https://s1.cdn.autoevolution.com/images/gallery/OPELAstra5doors-452_5.jpg,65,Red,114792,112337
159,Opel,OPEL Mokka X,2012,Gasoline,1.4L EcoTec 6MT (120 HP),6-Speed manual,SUV (Sports Utility Vehicle),"In 2012, Opel launched its first subcompact crossover vehicle, the Mokka. Its short consoles and tall appearance made it very well suited for an urban vehicle, easy to park, and to move around. The interior was large enough for five passengers.The Mokka was the shortest crossover SUV. With its length of 4275 mm (168.3 in) and 2555 (100.6 in) wheelbase, the engineers had to work hard to fit five passengers inside. The trunk space was small when the rear bench backseat was up, but with that folded down, it could reach 1372 liters (48.8 cu-ft), which was not bad for a small urban car.In 2016, the Mokka received a mid-life cycle refresh, which added a new Adaptive Forward Lighting (AFL) system with full LED headlights, which replaced the older BiXenon unit. A new set of safety systems were available, with red LEDs that lit up in the event of an imminent crash. The revised exterior brought more appeal to the small crossover.Inside, the 2016 Mokka was updated in terms of refinement and features. The instrument cluster, with two round dials and an LCD between them, and a new infotainment system enhanced the ride to the destination. Its sat-nav and audio system offered a good companion on long journeys.Under the hood, the Mokka was offered with a choice of diesel and gasoline engines which were mated to either a 6-speed manual fitted as standard or a 6-speed auto for selected versions.",https://s1.cdn.autoevolution.com/images/gallery/OPEL-Mokka-X-5890_10.jpg,120,Grey,27373,16969
160,Opel,OPEL Mokka,2012,Gasoline,1.4L Turbo AWD 6MT (140 HP),6-speed manual,SUV (Sports Utility Vehicle),"The 2012 Opel Mokka is the smallest 4x4 vehicle launched by the German carmaker. It is a cross-over, a breed between an Opel Corsa and an Antara, the medium-sized SUV. Its 4.3 meters (14 ft) long places it right in the middle of the sub-compact segment. Its ability to roam through crowded streets and easily park over a curb transformed it into an instant hit. Before its facelift in 2016, Opel succeeded to sell half a million units.Inside the Mokka there is no more room than into a Chevrolet Spark with which it shares the platform. The vehicle is sold in the U.S. under the Buick Encore and Chevrolet Traxx names. In Europe, it stopped its sales as part of the takeover from the French PSA group.Before the 2016 facelift, it has three gasoline and one diesel unit. The standard gearbox was a 5-speed manual and only the 1.4-liter turbo and the 1.7-liter diesel received the 6-speed automatic transmission.For the interior, depending on the trim level, the customers could receive navigation systems, decent infotainment units and even leather seats. Standard, base engines, had only power-windows and air-conditioning. Some versions were available only with 2WD system, for which the rear suspension was a semi-rigid type. But most of the sales were not for the all-wheel-drive systems.",https://s1.cdn.autoevolution.com/images/gallery/OPELMokka-4465_1.jpg,140,Red,24050,37660
161,Opel,OPEL Corsae,1993,Electric,100 KW Li-Ion (136 HP),Unknown,Hatchback,"The German carmaker Opel, now allied with the French group PSA (Peugeot-Citroen), has managed to launch its first electric model: the Corsa-e. The model uses the same technical platform as its sibling, the Peugeot 208-e, with both models having been launched in 2019. The Corsa name has been on the market since 1982 and more than 13.6 million units have been sold since.The power comes from a 100 kW electric motor with 260 Nm (191.8 lb-ft) of torque. Thanks to a 50 kWh battery pack installed in the floor, the total claimed range under WLTP norms is 330 km (205 miles). But Opel insisted that the car shouldn't offer a boring drive so it made it fast enough to bring a smile on electric-cars lovers. The sprint from 0 to 50 kph (31 mph) is obtained in less than three seconds while the 0-100 kph (62 mph) acceleration takes 8.2 seconds.On the outside, the Opel Corsa-e brings full-MatrixLED headlights, an industry first for the small-vehicle category. This means that 8 LEDs on each headlight are changing their light pattern according to information received from a frontal camera.Inside, Opel offers as standard a 7” touchscreen display unit for the multimedia system. As an option, there is a 10” unit available, which includes the Opel Connect telematics system that can be accessed via an app on the smartphone.",https://s1.cdn.autoevolution.com/images/gallery/OPEL-Corsa-e-6580_3.jpg,136,Silver,42876,76386
162,Seat,SEAT Ibiza 5doors,1993,Gasoline,1.0L MPI 5MT (65 HP),5-Speed manual,Hatchback,"SEAT's introduced the fifth generation of the Ibiza at the 2017 Geneva Motor Show on the same platform as the Volkswagen Polo.Luca de Meo, the SEAT's president, tried to improve the Spanish brand image on the market and get more attention from customers looking for a more emotional design vehicle. SEAT was the only brand that featured a Latin-inspired design over a German technical platform.The Ibiza looked like a shrunk SEAT Leon, the compact-segment contender of the Spanish brand from the outside. Its angular headlights, sculptured door-panels, and aggressive look were the main ingredients for the small-segment hatchback. Unlike its predecessors, it was available only as a 5-door version. SEAT dropped the formerly used station-wagons and three-door versions.Inside, the carmaker succeeded in building a roomier cabin, thanks to the increase in front and rear tracks and the wheelbase. The result was more legroom for the rear passengers, which was more than welcome for a small-class vehicle. Its split-folding rear seats could have expanded the 355 liters (12.5 cu-ft) trunk up to 823 liters (29 cu-ft).Under the hood, SEAT installed only Euro 6 engines ranged between 65 hp and 150 hp. Depending on the version, the engineers paired them to a five or six-speed manual transmission. For selected versions, a 7-speed automatic (dual-clutch) gearbox was available as an option.",https://s1.cdn.autoevolution.com/images/gallery/SEAT-Ibiza-5-doors-6350_1.jpg,65,Blue,133043,93952
163,Seat,SEAT Ibiza 5 Doors,1993,Gasoline,1.2L 5MT (60 HP),5-Speed manual,Hatchback,"The fourth generation of the SEAT Ibiza was launched in 2008. It was previewed at the Geneva Motor Show as a concept car, but the series model looked similar and it was introduced in that summer.The small-segment started to slow down its market share, but it was still very important in the European economy. A big economic crisis was near, but the Ibiza had to start its way to the market and sell whatever it could. It was the first brand from the Volkswagen Group to use the PQ25 platform, which was used later on the Volkswagen Polo, Skoda Fabia, and Audi A1.The dynamic look of the car was appealing, with emotional angles and sharp lines. The side doors were sculptured and that was not very common for the small-class vehicles. With a new grille design in the front and a bumper that featured a smile-like central air-intake, the Ibiza was well received by the market. The car's designer was Luc Donkerwolke, who also worked for Audi A4, Lamborghini Diablo VT, Lamborghini Gallardo, and the Audi R8 – LeMans racer.Inside, the car featured all the amenities of a modern car, depending on the trim level. But it could have been ordered with a new infotainment unit that featured navigation system, dual-zone climate control, power windows for all four, and a complete safety package with front and side airbags. In 2012, the SEAT Ibiza received a mid-life cycle impulse that reshaped some of the exterior and the interior. The 5-door version was good to travel around town, but with limited leg-room for the rear passengers.For the technical department, the Ibiza featured diesel or gasoline-powered engines, ranged between 75 hp and up to 148 hp for the 5-door version.",https://s1.cdn.autoevolution.com/images/gallery/SEATIbiza5Doors-3700_1.jpg,60,Black,59959,65810
164,Seat,SEAT Leon 5 doors,2000,Gasoline,1.0L TSI (110 HP),Unknown,Hatchback,"The fourth generation of the SEAT Leon was unveiled in the beginning of 2020 in Martorell, Spain, where over 2.2 million units of its predecessors have been built since 1999. Despite being based on the same platform as the third-generation Leon, the new one features plenty of modifications to ensure even higher levels of driving pleasure, better efficiency from its available powerplants and more safety features. A lot more infused with technology, the fourth-generation SEAT Leon is the Spanish carmaker's first fully connected car, with the infotainment system offering Android Auto and wireless access to Apple CarPlay and various in-car apps. The model's data, charing status or air conditioning system can even be accessed remotely through a smartphone app in the case of the plug-in hybrid version. A host of powertrains are available, from gasoline, diesel and Compressed Natural Gas (CNG) to mild-hybrid (eTSI) and plug-in hybrid (eHybrid versions. Available only as a five-door hatchback, the new Leon is 86 mm longer, 16 mm narrower and 3 mm lower than its predecessor. Thanks to various updates to the MQB platform, which is now called MQB Evo, the models also features a 50 mm longer wheelbase. The new design language not only looks sportier but also allows a reduction of the drag coefficient of 8 percent compared to the previous model.",https://s1.cdn.autoevolution.com/images/gallery/SEAT-Leon-5-doors-6732_4.jpg,110,Red,68134,33454
165,Seat,SEAT Leon,2000,Gasoline,1.4L 5MT FWD (85 HP),5-speed manual,Hatchback,"Unveiled at the Geneva Motor Show in 2009, the Leon was completely redesigned and offered a variety of versions and engines to suit every need.The range available was of the most complete on the market, with the offer including 19 sport versions and 9 engine options.Five gasoline and four Diesel engines were on the list, as well as four transmission options: 5-speed and 6-speed manual, 6-speed and 7-speed automatic.The facelift version brought a sharper look with the restyled front bumper and the grille. Other changes included a smaller Seat logo, as well as refined headlights and taillights. At the back, the new Leon had a larger rear window to increase visibility.The interior was also redesigned and upgraded with higher quality materials, as well as the design of the dashboard and the center console. A new steering wheel was available and the leather upholstery got a brand new color.The base version of the Leon was equipped with the 1.4-liter 85 hp and the 1.9-liter 90 hp engines. The standard safety features included ABS, traction control, ESP, electronic brake assist and driver and passenger airbags, as well as head and side airbags.The Reference trim level added tire pressure monitoring, air conditioning and asorted door mirrors and handles.The Style trim level included the Reference’s features and added cornering foglights, a leather-wrapped steering wheel, cruise control, climate control, new alloy rims and rear power windows.The Sportier trim level available included new sport seats with new upholstery, a sport suspension, the FR logo on the leather gear knob as well as on the steering wheel, a better audio system and dark glass.",https://s1.cdn.autoevolution.com/images/gallery/SEATLeon-4277_1.jpg,86,White,178700,116420
166,Seat,SEAT Ateca,2016,Gasoline,1.0L TSI 6MT (110 HP),6-Speed manual,SUV (Sports Utility Vehicle),"The Spanish brand SEAT introduced the compact SUV Ateca in 2015 at the Geneva Motor Show as a sibling for the Volkswagen Tiguan, but with a sportier look. Five years later, it received a facelift.The mid-life refresh for the Ateca brought new safety features and cleaner, Euro 6d, engines in the lineup. To emphasize those, the Spanish brand prepared a modified exterior look as well. Some elements were mandatory due to the 2021 European regulations.The SEAT Ateca was based on the MQB platform, like most of the Volkswagen Group vehicles. On the front, the designers installed a new, wider, hexagonal grille with a 3D design. For the headlights, they prepared a daytime running light pattern with LED that followed the headlamps contour. The slim taillights made the car look taller than it was.The interior went through a significant revamp and, depending on the trim level. It was fitted as standard with a 10.25” digital instrument cluster. An additional 8.25” or 9.2” touch-screen display for the infotainment unit, depending on the trim level or options, completed the digital instrumentation of the interior. The SEAT Ateca integrated some of the most advanced driver assistance systems available, including Predictive Adaptive Cruise Control, Side and Exit Assist, and Front Assist with Pre-Crash braking. These technologies made the compact SUV safer.Under the hood, the Ateca was fitted with a choice of diesel and gasoline turbocharged engines. While the base model featured a front-wheel-drive configuration with just 110 hp, the top of the range 190 hp 2.0-liter unit was fitted as standard with an all-wheel-drive system. Depending on the engine choice, a 6-speed manual or a 7-speed automatic (DSG – dual-clutch) were fitted as standard.",https://s1.cdn.autoevolution.com/images/gallery/SEAT-Ateca-6845_5.jpg,110,White,91505,41708
167,Seat,SEAT Leon Sportstourer,2013,Gasoline,1.0L TSI (110 HP),Unknown,"Wagon (station wagon, estate, combi, touring)","The second generation of the SEAT Leon Sportstourer was unveiled alongside its compact hatchback brother in the beginning of 2020 in Martorell, Spain. even though it's based on a similar platform as the third-generation Leon, the new compact station wagon features plenty of modifications to ensure even higher levels of driving pleasure, better efficiency from its available powerplants and more safety features. A lot more infused with technology, the second-generation SEAT Leon ST is the Spanish carmaker's first fully connected car alongside the regular Leon, with the infotainment system offering Android Auto and wireless access to Apple CarPlay and various in-car apps. Just like on the regular compact, the model's data, charing status or air conditioning system can even be accessed remotely through a smartphone app in the case of the plug-in hybrid version. A host of powertrains are available, from gasoline, diesel and Compressed Natural Gas (CNG) to mild-hybrid (eTSI) and plug-in hybrid (eHybrid versions. The new Leon Sporttourer is 93 mm longer, 16 mm narrower and 3 mm lower than its predecessor. Thanks to various updates to the MQB platform, which is now called MQB Evo, the models also features a 50 mm longer wheelbase. The new design language not only makes the car look sportier but also allows a reduction of the drag coefficient of 8 percent compared to the previous generation.",https://s1.cdn.autoevolution.com/images/gallery/SEAT-Leon-Sportstourer-6733_2.jpg,110,Blue,123818,111871
168,Seat,SEAT Leon ST Estate,2013,Gasoline,1.0L EcoTSI 5MT (115 HP),6-speed manual,"Wagon (station wagon, estate, combi, touring)","In July 2013, SEAT revealed the third member of the Leon III family, the Leon ST estate model. Visually similar to the hatchback versions but slightly longer and with an improved luggage space in the rear, it's also built on the new MQB platform, which saves weight and reduces the cost of production for the VW group. The new Leon estate has 587 liters of luggage space with the seats up or up to 1,470 liters with them folded down. The compact station wagon is available with a variety of engines shared with the Volkswagen Golf VII, the Audi A3 and the Skoda Octavia, all of them sharing a similar architecture and being developed almost at the same time. The powertrain lineup includes two versions of the 1.2-liter TSI engine rated at 86 HP and 105 HP, respectively, while the larger 1.4-liter TSI has two power versions as well, with 122 HP and 140 HP, respectively. The most powerful gasoline version apart from the Cupra, the FR, will arrive with the 1.8-liter TSI unit that’s good for 180 HP. The company will also offer three diesel versions - a 1.6-liter TDI with 90 HP, a 2.0-liter TDI with 150 HP, and a more powerful 2.0-liter TDI with 184 HP for the diesel FR model.",https://s1.cdn.autoevolution.com/images/gallery/SEAT-Leon-ST-Estate-4920_4.jpg,115,Blue,55928,82534
169,Seat,SEAT Mii 5 doors,2011,Gasoline,1.0L 5AT (75 HP),5-speed automatic,Hatchback,"The Spanish cousin of the Volkswagen up! and Skoda CitiGo joined the small-sized vehicles offered by Volkswagen Group in 2011.There was a high demand for very small city vehicles with three and five doors, for those who needed a car mostly to take the kids to schools and continue their way to their work. Basically, most of the car was the same as the other two from the group. It had a different hood, headlights, and slightly different rear tailgate and taillights. But all three of them were produced in the same Slovakian factory from Bratislava.SEAT kept the same headlights' shape from the rest of the range, with an angular inbound side and rounded top exterior. Its trapezoidal grille with a honeycomb pattern tried to make the buyers believe that it was a sportier vehicle. Well, it wasn't. In the rear, the three triangular looks of its taillights were different than those installed on the CitiGo and up!.Inside, the Mii featured exposed metallic parts on the interior door panels. Its dashboard was clean, designed in a minimalist design concept. The instrument cluster was fitted with three dials: a large speedometer, a fuel level, and the coolant temperature. Its tachometer was removed due to a lack of space. In the rear, the access was easy thanks to the wide opening of the doors. The rear windows were on hinges on the front side and could have been popping out. There was enough room for two adults and enough trunk space to carry a few pizza boxes.It came with a small, 1.0-liter engine in three power options, including a factory-made NG version designed for fleets under the hood. It was available with a manual or automatic gearbox.",https://s1.cdn.autoevolution.com/images/gallery/SEATMii5doors-4510_9.jpg,74,White,109302,91547
170,Tesla,TESLA Model X,2015,Electric,Long Range AWD 100 kWh (670 Hp),1-Speed automatic,SUV (Sports Utility Vehicle),"Tesla unveiled the Model X in September 2015 after a few delays. Still, it impressed customers with its new features and astonishing performance.In 2021, Tesla introduced a facelifted version of the Model X and improved the vehicle in many areas to make the car even more attractive to customers. Thus, the front fascia with horizontally-mounted fog lamps. In addition, the vertical side scoops from the bumper were slimmer. Last but not least, it ditched the chromed trims on the car's exterior.Inside, the most striking difference was on the dashboard, where the instrument cluster was taller, and the center display was positioned in a landscape position instead of a portrait, as in the 2016 model year. In addition, the automaker replaced the classic, round steering wheel with a yoke. Along with that change, the turn-signal stack was replaced by two buttons on the left spoke of the yoke. Another downturn of the vehicle was the gear selection, which could've been made only by using the center display. Unlike the 2016 model, on the 2022 model, the screen could've been tilted towards the driver or the passenger. But Tesla took care of rear passengers too, and installed a second screen behind the front seats, on the center console's ending, so those seated in the back could've enjoyed watching movies.For the drivetrain, the automaker ditched the former low-powered motors and provided a 670 hp unit for the base version and a 1020 hp for the top-spec one.",https://s1.cdn.autoevolution.com/images/gallery/tesla-model-x-2021-7382_10.jpg,0,Black,48294,77205
171,Tesla,TESLA Model S,2012,Electric,100D,single gear,Unknown,"Customers always ask for more, and Tesla tried to offer them what they wanted, and even more. That's why the Model S received an update in 2016.Tesla engineers knew that they could offer more for the Model S, but they didn't want to provide it before it was tested. After that, other departments gathered and came up with new ideas. When all the parts were gathered, there was a one-man-only decision to make the changes: Elon Musk. And he gave the OK.Most of the car remained the same, but with the new nose designed in the same line with the entry-level Model 3, it brought a new ""brand-image"" for Tesla cars. The flat area in the lower part of the bumper and the grille in the apron were redesigned.Inside, the Model S didn't look as luxurious as most of the other premium cars on the market. It still offered the biggest screen for the infotainment and command center on the center stack. The roomy interior provided enough room for five adults, with limited headroom for the rear passengers if a panoramic roof was installed. A pair of seats were available to be mounted in the trunk, converting it into a 7-seat vehicle.The most significant update was the P90D version with Ludicrous mode. A warp-animation appeared on the center screen, and the car was ready to hit the 62 mph in just 2.8 seconds.",https://s1.cdn.autoevolution.com/images/gallery/TESLA-MOTORS-Model-S-5659_1.jpeg,0,Grey,27591,99511
172,Tesla,TESLA Roadster,2008,Electric,AC induction (248 HP),Single Speed,"Convertible (spider/spyder, cabrio/cabriolet, drop/open/soft top)","After a year from storming the market with the little Roadster, Tesla introduced an updated version: another roadster that could run for longer distances and was officially quicker.Since Tesla was a small company, the chain of command was shorter. So, when Elon Musk asked the R&D department to change something, everything was done faster. There was no need for another ten accounting and five management links to start the development, and in less than a year from the first Roadster, Tesla introduced an updated version.The designers heard what the market said about the Roadster, which was the complaints and what they had to fix. A new front end was drawn, with different styling for the headlights. Other subtle modifications were performed for the door-mirrors, which were too noisy for the first Roadster, and there was no engine to cover that aerodynamic whistle.Elon Musk understood that a customer wouldn't pay big money for a car that won't give enough interior comfort, so it re-arranged the cabin. The designers hid the exposed metallic parts from the previous model, and there was more attention to details for the assembly team. The heated sport-seats were fitted as standard and featured inflatable lumbar support, and the leather upholstery was fitted as standard.The most significant improvement to the car was for the engineering part. Better management for energy consumption and recovery increased the car's range up to 220 miles. As for performances, the little Roadster could rocket to 60 mph (97 kph) in 3.7 seconds. That was very quick for any standards.",https://s1.cdn.autoevolution.com/images/gallery/TESLAMOTORSRoadster-3830_1.jpg,248,Grey,92225,23036
173,Porsche,PORSCHE 911 Carrera T,2017,Gasoline,3.0L 8AT RWD (380 HP),8-speed automatic,Coupé (two-door),"Porsche brought back the T version of the 911 Carrera in 2023, and it fitted it with all the necessary stuff that made this variant of the famous sports car so appealing.The Carrera T stood between the basic 911 Carrera and the 911 Carrera S in terms of performance and price. In 1968 Porsche introduced the T version, which stood for ""Touring,"" and it was a homologation special. That means that it was stripped from all unnecessary amenities for a race car, but enough of them to be appealing for regular use on the road.From the outside, the 911 Carrera T revealed its character through the Dark Grey details applied on the door mirrors' top and bottom. Moreover, there were new door and rear logos. In addition, the windshield featured a grey-tinted upper section. Another specific feature was the five-spoke light-alloy wheels with 20 inches in size for the front axle and 21 inches for the rear. Finally, at the back, the trim strips on the rear grille were finished in Agate Grey, while the tailpipes were high-gloss black.Inside, the most intriguing detail was the manual gearbox. Porsche also offered an automatic gearbox at no extra cost. However, customers for the T-version were more attracted to this old-school transmission type. Moreover, the car offered room for only two occupants on the standard four-way Sports Seats Plus at the front. There was no bench in the back to save weight. In addition, Porsche put less sound-deadening materials and thinner carpets.Under the hood, the carmaker placed the same 3.0-liter turbocharged flat-six as in the back tuned for 385 PS (380 HP) as its Carrera sibling, and it was paired with a standard seven-speed manual or the optional eight-speed PDK (dual-clutch) automatic gearbox. Also, the standard PASM suspension and the Chrono package were offered as standard. In addition, customers could opt for a rear-wheel steering system.",https://s1.cdn.autoevolution.com/images/gallery/porsche-911-carrera-t-2022-7325_7.jpg,380,Blue,33610,105905
174,Porsche,PORSCHE 911 GT3 RS 992,1999,Gasoline,4.0L 7AT RWD (525 HP),7-speed automatic,Coupé (two-door),"For the German carmaker was another day at the office, but for the enthusiasts, it was another masterpiece for the roads.Porsche didn't forget its roots and kept the 911 range on the market even though the internal-combustion engines were on the brink of extinction. But the carmaker continued on using its flat-six powerplant. It pleased its customers with a road-legal but a track-ready version of the 992 generation of the 911. It was the most hard-core version of its family.With a design inspired by race cars, the GT3 RS featured a wild aerodynamic package that began with exhausts on the front hood and fenders. Its front bumper featured a broader grille at the bottom, allowing more cold air into the center-mounted radiator. On the sides, the crease on the front fenders and doors was inspired by the street version of the Porsche 911 GT1 Le Man car. At the back, the swan-type wing adorned the rear end. At the same time, the lower bumper sported a similar diffuser as the regular 911 GT3, with dual exhausts in the middle.Inside, the standard carbon-fiber bucket seats fitted with race harnesses were standard. Also, the car featured a different steering wheel that allows the driver to make various settings for the car. They could adjust the bound and rebound rates, the eLSD (electronically-control Limited-Slip Differential), and the DRS (drag-reduction system) that lowered the car's aerodynamic drag for higher speeds.The naturally-aspirated flat-six engine in the back provided 525 hp, which was sent to the rear wheels only via a seven-speed automatic (PDK – double-clutch) transmission.",https://s1.cdn.autoevolution.com/images/gallery/porsche-911-gt3-rs-2022-7296_9.jpg,525,Red,55345,42237
175,Porsche,PORSCHE 911 GT3 992,1999,Gasoline,4.0L 6MT (510 HP),6-speed manual,Coupé (two-door),"Porsche didn't want to waste time and, at the beginning of 2021, introduced a new generation for its ferocious GT3 road-legal race-car.Basically, the road-legal GT3 is the base vehicle used by Porsche to homologate the GT3 category race-version. While it was still based on the Porsche 911, it featured numerous modifications that made it lap the Nurburgring in 6:59.93 minutes, over 17 seconds faster than its predecessor. It was a marvelous time for a road-legal car.One of the basic rules of a race car was to make them lighter, and Porsche tried hard to achieve the lowest weight for the GT3. It made the front hood, rear quarter panels, and roof from carbon-fiber-reinforced plastic (CFRP) as an option. The windows were slimmer, and most of the sound-deadening materials were gone. As a result, the GT3 tipped the scale at 1418 kg (3126 lbs) with a manual gearbox and 17 kg (37.5 lbs) more if fitted with the Porsche's PDK transmission.Inside, the carmaker installed sport-bucket seats at the front and a bench for two in the rear. Porsche offered a Club Sport package that deleted the rear seats for those who wanted to race their cars, installed a 6-point harness, a roll-cage, and an extinguisher. The dashboard was carried over from the regular 911, but with a big, analog tachometer marked to 10.000 rpm, with a 9.000 rpm red-line. The rev-counter was flanked by TFT displays and, just above the center stack, a bigger touchscreen for the infotainment system.Under the bodywork, Porsche installed a double-wishbone system at the front carried-over from the Porsche 911 RSR LeMans race-car and a reinforced rear suspension. The all-wheel steering made the car faster on the curves. The German carmaker ditched the turbocharged 3.0-liter engine from the regular 911 range and installed a 4.0-liter naturally aspirated flat-six to propel the car.",https://s1.cdn.autoevolution.com/images/gallery/porsche-gt3-992-2021-7025_9.jpg,510,Blue,121059,55087
